case_id,run_id,segment_index,source_field,segment_join,normalization,text,code_points,code_point_count,utf8_byte_count,letter_count,mark_count,number_count,punctuation_count,symbol_count,separator_count,control_other_count,count_all_code_points,count_without_whitespace,count_without_punctuation,count_without_whitespace_or_punctuation
C02,C02-run01,0,result_text,segment,none,はい、わかりました。いいえ、まだです。今日は晴れですか？,U+306F U+3044 U+3001 U+308F U+304B U+308A U+307E U+3057 U+305F U+3002 U+3044 U+3044 U+3048 U+3001 U+307E U+3060 U+3067 U+3059 U+3002 U+4ECA U+65E5 U+306F U+6674 U+308C U+3067 U+3059 U+304B U+FF1F,28,84,23,0,0,5,0,0,0,28,28,23,23
C02,C02-run01,0,result_text,segment,NFC,はい、わかりました。いいえ、まだです。今日は晴れですか？,U+306F U+3044 U+3001 U+308F U+304B U+308A U+307E U+3057 U+305F U+3002 U+3044 U+3044 U+3048 U+3001 U+307E U+3060 U+3067 U+3059 U+3002 U+4ECA U+65E5 U+306F U+6674 U+308C U+3067 U+3059 U+304B U+FF1F,28,84,23,0,0,5,0,0,0,28,28,23,23
C02,C02-run01,0,result_text,segment,NFKC,はい、わかりました。いいえ、まだです。今日は晴れですか?,U+306F U+3044 U+3001 U+308F U+304B U+308A U+307E U+3057 U+305F U+3002 U+3044 U+3044 U+3048 U+3001 U+307E U+3060 U+3067 U+3059 U+3002 U+4ECA U+65E5 U+306F U+6674 U+308C U+3067 U+3059 U+304B U+003F,28,82,23,0,0,5,0,0,0,28,28,23,23
C02,C02-run01,0,display_text,segment,none,はい、わかりました。いいえ、まだです。今日は晴れですか？,U+306F U+3044 U+3001 U+308F U+304B U+308A U+307E U+3057 U+305F U+3002 U+3044 U+3044 U+3048 U+3001 U+307E U+3060 U+3067 U+3059 U+3002 U+4ECA U+65E5 U+306F U+6674 U+308C U+3067 U+3059 U+304B U+FF1F,28,84,23,0,0,5,0,0,0,28,28,23,23
C02,C02-run01,0,display_text,segment,NFC,はい、わかりました。いいえ、まだです。今日は晴れですか？,U+306F U+3044 U+3001 U+308F U+304B U+308A U+307E U+3057 U+305F U+3002 U+3044 U+3044 U+3048 U+3001 U+307E U+3060 U+3067 U+3059 U+3002 U+4ECA U+65E5 U+306F U+6674 U+308C U+3067 U+3059 U+304B U+FF1F,28,84,23,0,0,5,0,0,0,28,28,23,23
C02,C02-run01,0,display_text,segment,NFKC,はい、わかりました。いいえ、まだです。今日は晴れですか?,U+306F U+3044 U+3001 U+308F U+304B U+308A U+307E U+3057 U+305F U+3002 U+3044 U+3044 U+3048 U+3001 U+307E U+3060 U+3067 U+3059 U+3002 U+4ECA U+65E5 U+306F U+6674 U+308C U+3067 U+3059 U+304B U+003F,28,82,23,0,0,5,0,0,0,28,28,23,23
C02,C02-run01,0,nbest_display,segment,none,はい、わかりました。いいえ、まだです。今日は晴れですか？,U+306F U+3044 U+3001 U+308F U+304B U+308A U+307E U+3057 U+305F U+3002 U+3044 U+3044 U+3048 U+3001 U+307E U+3060 U+3067 U+3059 U+3002 U+4ECA U+65E5 U+306F U+6674 U+308C U+3067 U+3059 U+304B U+FF1F,28,84,23,0,0,5,0,0,0,28,28,23,23
C02,C02-run01,0,nbest_display,segment,NFC,はい、わかりました。いいえ、まだです。今日は晴れですか？,U+306F U+3044 U+3001 U+308F U+304B U+308A U+307E U+3057 U+305F U+3002 U+3044 U+3044 U+3048 U+3001 U+307E U+3060 U+3067 U+3059 U+3002 U+4ECA U+65E5 U+306F U+6674 U+308C U+3067 U+3059 U+304B U+FF1F,28,84,23,0,0,5,0,0,0,28,28,23,23
C02,C02-run01,0,nbest_display,segment,NFKC,はい、わかりました。いいえ、まだです。今日は晴れですか?,U+306F U+3044 U+3001 U+308F U+304B U+308A U+307E U+3057 U+305F U+3002 U+3044 U+3044 U+3048 U+3001 U+307E U+3060 U+3067 U+3059 U+3002 U+4ECA U+65E5 U+306F U+6674 U+308C U+3067 U+3059 U+304B U+003F,28,82,23,0,0,5,0,0,0,28,28,23,23
C02,C02-run01,0,lexical,segment,none,はい わかりました いいえ まだ です 今日 は 晴 れ ですか,U+306F U+3044 U+0020 U+308F U+304B U+308A U+307E U+3057 U+305F U+0020 U+3044 U+3044 U+3048 U+0020 U+307E U+3060 U+0020 U+3067 U+3059 U+0020 U+4ECA U+65E5 U+0020 U+306F U+0020 U+6674 U+0020 U+308C U+0020 U+3067 U+3059 U+304B,32,78,23,0,0,0,0,9,0,32,23,32,23
C02,C02-run01,0,lexical,segment,NFC,はい わかりました いいえ まだ です 今日 は 晴 れ ですか,U+306F U+3044 U+0020 U+308F U+304B U+308A U+307E U+3057 U+305F U+0020 U+3044 U+3044 U+3048 U+0020 U+307E U+3060 U+0020 U+3067 U+3059 U+0020 U+4ECA U+65E5 U+0020 U+306F U+0020 U+6674 U+0020 U+308C U+0020 U+3067 U+3059 U+304B,32,78,23,0,0,0,0,9,0,32,23,32,23
C02,C02-run01,0,lexical,segment,NFKC,はい わかりました いいえ まだ です 今日 は 晴 れ ですか,U+306F U+3044 U+0020 U+308F U+304B U+308A U+307E U+3057 U+305F U+0020 U+3044 U+3044 U+3048 U+0020 U+307E U+3060 U+0020 U+3067 U+3059 U+0020 U+4ECA U+65E5 U+0020 U+306F U+0020 U+6674 U+0020 U+308C U+0020 U+3067 U+3059 U+304B,32,78,23,0,0,0,0,9,0,32,23,32,23
C02,C02-run01,0,itn,segment,none,はい わかりました いいえ まだ です 今日 は 晴 れ ですか,U+306F U+3044 U+0020 U+308F U+304B U+308A U+307E U+3057 U+305F U+0020 U+3044 U+3044 U+3048 U+0020 U+307E U+3060 U+0020 U+3067 U+3059 U+0020 U+4ECA U+65E5 U+0020 U+306F U+0020 U+6674 U+0020 U+308C U+0020 U+3067 U+3059 U+304B,32,78,23,0,0,0,0,9,0,32,23,32,23
C02,C02-run01,0,itn,segment,NFC,はい わかりました いいえ まだ です 今日 は 晴 れ ですか,U+306F U+3044 U+0020 U+308F U+304B U+308A U+307E U+3057 U+305F U+0020 U+3044 U+3044 U+3048 U+0020 U+307E U+3060 U+0020 U+3067 U+3059 U+0020 U+4ECA U+65E5 U+0020 U+306F U+0020 U+6674 U+0020 U+308C U+0020 U+3067 U+3059 U+304B,32,78,23,0,0,0,0,9,0,32,23,32,23
C02,C02-run01,0,itn,segment,NFKC,はい わかりました いいえ まだ です 今日 は 晴 れ ですか,U+306F U+3044 U+0020 U+308F U+304B U+308A U+307E U+3057 U+305F U+0020 U+3044 U+3044 U+3048 U+0020 U+307E U+3060 U+0020 U+3067 U+3059 U+0020 U+4ECA U+65E5 U+0020 U+306F U+0020 U+6674 U+0020 U+308C U+0020 U+3067 U+3059 U+304B,32,78,23,0,0,0,0,9,0,32,23,32,23
C02,C02-run01,0,masked_itn,segment,none,はい、わかりましたいいえ、まだです今日は晴れですか,U+306F U+3044 U+3001 U+308F U+304B U+308A U+307E U+3057 U+305F U+3044 U+3044 U+3048 U+3001 U+307E U+3060 U+3067 U+3059 U+4ECA U+65E5 U+306F U+6674 U+308C U+3067 U+3059 U+304B,25,75,23,0,0,2,0,0,0,25,25,23,23
C02,C02-run01,0,masked_itn,segment,NFC,はい、わかりましたいいえ、まだです今日は晴れですか,U+306F U+3044 U+3001 U+308F U+304B U+308A U+307E U+3057 U+305F U+3044 U+3044 U+3048 U+3001 U+307E U+3060 U+3067 U+3059 U+4ECA U+65E5 U+306F U+6674 U+308C U+3067 U+3059 U+304B,25,75,23,0,0,2,0,0,0,25,25,23,23
C02,C02-run01,0,masked_itn,segment,NFKC,はい、わかりましたいいえ、まだです今日は晴れですか,U+306F U+3044 U+3001 U+308F U+304B U+308A U+307E U+3057 U+305F U+3044 U+3044 U+3048 U+3001 U+307E U+3060 U+3067 U+3059 U+4ECA U+65E5 U+306F U+6674 U+308C U+3067 U+3059 U+304B,25,75,23,0,0,2,0,0,0,25,25,23,23
C02,C02-run01,,result_text,concat_without_separator,none,はい、わかりました。いいえ、まだです。今日は晴れですか？,U+306F U+3044 U+3001 U+308F U+304B U+308A U+307E U+3057 U+305F U+3002 U+3044 U+3044 U+3048 U+3001 U+307E U+3060 U+3067 U+3059 U+3002 U+4ECA U+65E5 U+306F U+6674 U+308C U+3067 U+3059 U+304B U+FF1F,28,84,23,0,0,5,0,0,0,28,28,23,23
C02,C02-run01,,result_text,concat_without_separator,NFC,はい、わかりました。いいえ、まだです。今日は晴れですか？,U+306F U+3044 U+3001 U+308F U+304B U+308A U+307E U+3057 U+305F U+3002 U+3044 U+3044 U+3048 U+3001 U+307E U+3060 U+3067 U+3059 U+3002 U+4ECA U+65E5 U+306F U+6674 U+308C U+3067 U+3059 U+304B U+FF1F,28,84,23,0,0,5,0,0,0,28,28,23,23
C02,C02-run01,,result_text,concat_without_separator,NFKC,はい、わかりました。いいえ、まだです。今日は晴れですか?,U+306F U+3044 U+3001 U+308F U+304B U+308A U+307E U+3057 U+305F U+3002 U+3044 U+3044 U+3048 U+3001 U+307E U+3060 U+3067 U+3059 U+3002 U+4ECA U+65E5 U+306F U+6674 U+308C U+3067 U+3059 U+304B U+003F,28,82,23,0,0,5,0,0,0,28,28,23,23
C02,C02-run01,,result_text,join_with_ascii_space,none,はい、わかりました。いいえ、まだです。今日は晴れですか？,U+306F U+3044 U+3001 U+308F U+304B U+308A U+307E U+3057 U+305F U+3002 U+3044 U+3044 U+3048 U+3001 U+307E U+3060 U+3067 U+3059 U+3002 U+4ECA U+65E5 U+306F U+6674 U+308C U+3067 U+3059 U+304B U+FF1F,28,84,23,0,0,5,0,0,0,28,28,23,23
C02,C02-run01,,result_text,join_with_ascii_space,NFC,はい、わかりました。いいえ、まだです。今日は晴れですか？,U+306F U+3044 U+3001 U+308F U+304B U+308A U+307E U+3057 U+305F U+3002 U+3044 U+3044 U+3048 U+3001 U+307E U+3060 U+3067 U+3059 U+3002 U+4ECA U+65E5 U+306F U+6674 U+308C U+3067 U+3059 U+304B U+FF1F,28,84,23,0,0,5,0,0,0,28,28,23,23
C02,C02-run01,,result_text,join_with_ascii_space,NFKC,はい、わかりました。いいえ、まだです。今日は晴れですか?,U+306F U+3044 U+3001 U+308F U+304B U+308A U+307E U+3057 U+305F U+3002 U+3044 U+3044 U+3048 U+3001 U+307E U+3060 U+3067 U+3059 U+3002 U+4ECA U+65E5 U+306F U+6674 U+308C U+3067 U+3059 U+304B U+003F,28,82,23,0,0,5,0,0,0,28,28,23,23
C02,C02-run01,,display_text,concat_without_separator,none,はい、わかりました。いいえ、まだです。今日は晴れですか？,U+306F U+3044 U+3001 U+308F U+304B U+308A U+307E U+3057 U+305F U+3002 U+3044 U+3044 U+3048 U+3001 U+307E U+3060 U+3067 U+3059 U+3002 U+4ECA U+65E5 U+306F U+6674 U+308C U+3067 U+3059 U+304B U+FF1F,28,84,23,0,0,5,0,0,0,28,28,23,23
C02,C02-run01,,display_text,concat_without_separator,NFC,はい、わかりました。いいえ、まだです。今日は晴れですか？,U+306F U+3044 U+3001 U+308F U+304B U+308A U+307E U+3057 U+305F U+3002 U+3044 U+3044 U+3048 U+3001 U+307E U+3060 U+3067 U+3059 U+3002 U+4ECA U+65E5 U+306F U+6674 U+308C U+3067 U+3059 U+304B U+FF1F,28,84,23,0,0,5,0,0,0,28,28,23,23
C02,C02-run01,,display_text,concat_without_separator,NFKC,はい、わかりました。いいえ、まだです。今日は晴れですか?,U+306F U+3044 U+3001 U+308F U+304B U+308A U+307E U+3057 U+305F U+3002 U+3044 U+3044 U+3048 U+3001 U+307E U+3060 U+3067 U+3059 U+3002 U+4ECA U+65E5 U+306F U+6674 U+308C U+3067 U+3059 U+304B U+003F,28,82,23,0,0,5,0,0,0,28,28,23,23
C02,C02-run01,,display_text,join_with_ascii_space,none,はい、わかりました。いいえ、まだです。今日は晴れですか？,U+306F U+3044 U+3001 U+308F U+304B U+308A U+307E U+3057 U+305F U+3002 U+3044 U+3044 U+3048 U+3001 U+307E U+3060 U+3067 U+3059 U+3002 U+4ECA U+65E5 U+306F U+6674 U+308C U+3067 U+3059 U+304B U+FF1F,28,84,23,0,0,5,0,0,0,28,28,23,23
C02,C02-run01,,display_text,join_with_ascii_space,NFC,はい、わかりました。いいえ、まだです。今日は晴れですか？,U+306F U+3044 U+3001 U+308F U+304B U+308A U+307E U+3057 U+305F U+3002 U+3044 U+3044 U+3048 U+3001 U+307E U+3060 U+3067 U+3059 U+3002 U+4ECA U+65E5 U+306F U+6674 U+308C U+3067 U+3059 U+304B U+FF1F,28,84,23,0,0,5,0,0,0,28,28,23,23
C02,C02-run01,,display_text,join_with_ascii_space,NFKC,はい、わかりました。いいえ、まだです。今日は晴れですか?,U+306F U+3044 U+3001 U+308F U+304B U+308A U+307E U+3057 U+305F U+3002 U+3044 U+3044 U+3048 U+3001 U+307E U+3060 U+3067 U+3059 U+3002 U+4ECA U+65E5 U+306F U+6674 U+308C U+3067 U+3059 U+304B U+003F,28,82,23,0,0,5,0,0,0,28,28,23,23
C02,C02-run01,,nbest_display,concat_without_separator,none,はい、わかりました。いいえ、まだです。今日は晴れですか？,U+306F U+3044 U+3001 U+308F U+304B U+308A U+307E U+3057 U+305F U+3002 U+3044 U+3044 U+3048 U+3001 U+307E U+3060 U+3067 U+3059 U+3002 U+4ECA U+65E5 U+306F U+6674 U+308C U+3067 U+3059 U+304B U+FF1F,28,84,23,0,0,5,0,0,0,28,28,23,23
C02,C02-run01,,nbest_display,concat_without_separator,NFC,はい、わかりました。いいえ、まだです。今日は晴れですか？,U+306F U+3044 U+3001 U+308F U+304B U+308A U+307E U+3057 U+305F U+3002 U+3044 U+3044 U+3048 U+3001 U+307E U+3060 U+3067 U+3059 U+3002 U+4ECA U+65E5 U+306F U+6674 U+308C U+3067 U+3059 U+304B U+FF1F,28,84,23,0,0,5,0,0,0,28,28,23,23
C02,C02-run01,,nbest_display,concat_without_separator,NFKC,はい、わかりました。いいえ、まだです。今日は晴れですか?,U+306F U+3044 U+3001 U+308F U+304B U+308A U+307E U+3057 U+305F U+3002 U+3044 U+3044 U+3048 U+3001 U+307E U+3060 U+3067 U+3059 U+3002 U+4ECA U+65E5 U+306F U+6674 U+308C U+3067 U+3059 U+304B U+003F,28,82,23,0,0,5,0,0,0,28,28,23,23
C02,C02-run01,,nbest_display,join_with_ascii_space,none,はい、わかりました。いいえ、まだです。今日は晴れですか？,U+306F U+3044 U+3001 U+308F U+304B U+308A U+307E U+3057 U+305F U+3002 U+3044 U+3044 U+3048 U+3001 U+307E U+3060 U+3067 U+3059 U+3002 U+4ECA U+65E5 U+306F U+6674 U+308C U+3067 U+3059 U+304B U+FF1F,28,84,23,0,0,5,0,0,0,28,28,23,23
C02,C02-run01,,nbest_display,join_with_ascii_space,NFC,はい、わかりました。いいえ、まだです。今日は晴れですか？,U+306F U+3044 U+3001 U+308F U+304B U+308A U+307E U+3057 U+305F U+3002 U+3044 U+3044 U+3048 U+3001 U+307E U+3060 U+3067 U+3059 U+3002 U+4ECA U+65E5 U+306F U+6674 U+308C U+3067 U+3059 U+304B U+FF1F,28,84,23,0,0,5,0,0,0,28,28,23,23
C02,C02-run01,,nbest_display,join_with_ascii_space,NFKC,はい、わかりました。いいえ、まだです。今日は晴れですか?,U+306F U+3044 U+3001 U+308F U+304B U+308A U+307E U+3057 U+305F U+3002 U+3044 U+3044 U+3048 U+3001 U+307E U+3060 U+3067 U+3059 U+3002 U+4ECA U+65E5 U+306F U+6674 U+308C U+3067 U+3059 U+304B U+003F,28,82,23,0,0,5,0,0,0,28,28,23,23
C02,C02-run01,,lexical,concat_without_separator,none,はい わかりました いいえ まだ です 今日 は 晴 れ ですか,U+306F U+3044 U+0020 U+308F U+304B U+308A U+307E U+3057 U+305F U+0020 U+3044 U+3044 U+3048 U+0020 U+307E U+3060 U+0020 U+3067 U+3059 U+0020 U+4ECA U+65E5 U+0020 U+306F U+0020 U+6674 U+0020 U+308C U+0020 U+3067 U+3059 U+304B,32,78,23,0,0,0,0,9,0,32,23,32,23
C02,C02-run01,,lexical,concat_without_separator,NFC,はい わかりました いいえ まだ です 今日 は 晴 れ ですか,U+306F U+3044 U+0020 U+308F U+304B U+308A U+307E U+3057 U+305F U+0020 U+3044 U+3044 U+3048 U+0020 U+307E U+3060 U+0020 U+3067 U+3059 U+0020 U+4ECA U+65E5 U+0020 U+306F U+0020 U+6674 U+0020 U+308C U+0020 U+3067 U+3059 U+304B,32,78,23,0,0,0,0,9,0,32,23,32,23
C02,C02-run01,,lexical,concat_without_separator,NFKC,はい わかりました いいえ まだ です 今日 は 晴 れ ですか,U+306F U+3044 U+0020 U+308F U+304B U+308A U+307E U+3057 U+305F U+0020 U+3044 U+3044 U+3048 U+0020 U+307E U+3060 U+0020 U+3067 U+3059 U+0020 U+4ECA U+65E5 U+0020 U+306F U+0020 U+6674 U+0020 U+308C U+0020 U+3067 U+3059 U+304B,32,78,23,0,0,0,0,9,0,32,23,32,23
C02,C02-run01,,lexical,join_with_ascii_space,none,はい わかりました いいえ まだ です 今日 は 晴 れ ですか,U+306F U+3044 U+0020 U+308F U+304B U+308A U+307E U+3057 U+305F U+0020 U+3044 U+3044 U+3048 U+0020 U+307E U+3060 U+0020 U+3067 U+3059 U+0020 U+4ECA U+65E5 U+0020 U+306F U+0020 U+6674 U+0020 U+308C U+0020 U+3067 U+3059 U+304B,32,78,23,0,0,0,0,9,0,32,23,32,23
C02,C02-run01,,lexical,join_with_ascii_space,NFC,はい わかりました いいえ まだ です 今日 は 晴 れ ですか,U+306F U+3044 U+0020 U+308F U+304B U+308A U+307E U+3057 U+305F U+0020 U+3044 U+3044 U+3048 U+0020 U+307E U+3060 U+0020 U+3067 U+3059 U+0020 U+4ECA U+65E5 U+0020 U+306F U+0020 U+6674 U+0020 U+308C U+0020 U+3067 U+3059 U+304B,32,78,23,0,0,0,0,9,0,32,23,32,23
C02,C02-run01,,lexical,join_with_ascii_space,NFKC,はい わかりました いいえ まだ です 今日 は 晴 れ ですか,U+306F U+3044 U+0020 U+308F U+304B U+308A U+307E U+3057 U+305F U+0020 U+3044 U+3044 U+3048 U+0020 U+307E U+3060 U+0020 U+3067 U+3059 U+0020 U+4ECA U+65E5 U+0020 U+306F U+0020 U+6674 U+0020 U+308C U+0020 U+3067 U+3059 U+304B,32,78,23,0,0,0,0,9,0,32,23,32,23
C02,C02-run01,,itn,concat_without_separator,none,はい わかりました いいえ まだ です 今日 は 晴 れ ですか,U+306F U+3044 U+0020 U+308F U+304B U+308A U+307E U+3057 U+305F U+0020 U+3044 U+3044 U+3048 U+0020 U+307E U+3060 U+0020 U+3067 U+3059 U+0020 U+4ECA U+65E5 U+0020 U+306F U+0020 U+6674 U+0020 U+308C U+0020 U+3067 U+3059 U+304B,32,78,23,0,0,0,0,9,0,32,23,32,23
C02,C02-run01,,itn,concat_without_separator,NFC,はい わかりました いいえ まだ です 今日 は 晴 れ ですか,U+306F U+3044 U+0020 U+308F U+304B U+308A U+307E U+3057 U+305F U+0020 U+3044 U+3044 U+3048 U+0020 U+307E U+3060 U+0020 U+3067 U+3059 U+0020 U+4ECA U+65E5 U+0020 U+306F U+0020 U+6674 U+0020 U+308C U+0020 U+3067 U+3059 U+304B,32,78,23,0,0,0,0,9,0,32,23,32,23
C02,C02-run01,,itn,concat_without_separator,NFKC,はい わかりました いいえ まだ です 今日 は 晴 れ ですか,U+306F U+3044 U+0020 U+308F U+304B U+308A U+307E U+3057 U+305F U+0020 U+3044 U+3044 U+3048 U+0020 U+307E U+3060 U+0020 U+3067 U+3059 U+0020 U+4ECA U+65E5 U+0020 U+306F U+0020 U+6674 U+0020 U+308C U+0020 U+3067 U+3059 U+304B,32,78,23,0,0,0,0,9,0,32,23,32,23
C02,C02-run01,,itn,join_with_ascii_space,none,はい わかりました いいえ まだ です 今日 は 晴 れ ですか,U+306F U+3044 U+0020 U+308F U+304B U+308A U+307E U+3057 U+305F U+0020 U+3044 U+3044 U+3048 U+0020 U+307E U+3060 U+0020 U+3067 U+3059 U+0020 U+4ECA U+65E5 U+0020 U+306F U+0020 U+6674 U+0020 U+308C U+0020 U+3067 U+3059 U+304B,32,78,23,0,0,0,0,9,0,32,23,32,23
C02,C02-run01,,itn,join_with_ascii_space,NFC,はい わかりました いいえ まだ です 今日 は 晴 れ ですか,U+306F U+3044 U+0020 U+308F U+304B U+308A U+307E U+3057 U+305F U+0020 U+3044 U+3044 U+3048 U+0020 U+307E U+3060 U+0020 U+3067 U+3059 U+0020 U+4ECA U+65E5 U+0020 U+306F U+0020 U+6674 U+0020 U+308C U+0020 U+3067 U+3059 U+304B,32,78,23,0,0,0,0,9,0,32,23,32,23
C02,C02-run01,,itn,join_with_ascii_space,NFKC,はい わかりました いいえ まだ です 今日 は 晴 れ ですか,U+306F U+3044 U+0020 U+308F U+304B U+308A U+307E U+3057 U+305F U+0020 U+3044 U+3044 U+3048 U+0020 U+307E U+3060 U+0020 U+3067 U+3059 U+0020 U+4ECA U+65E5 U+0020 U+306F U+0020 U+6674 U+0020 U+308C U+0020 U+3067 U+3059 U+304B,32,78,23,0,0,0,0,9,0,32,23,32,23
C02,C02-run01,,masked_itn,concat_without_separator,none,はい、わかりましたいいえ、まだです今日は晴れですか,U+306F U+3044 U+3001 U+308F U+304B U+308A U+307E U+3057 U+305F U+3044 U+3044 U+3048 U+3001 U+307E U+3060 U+3067 U+3059 U+4ECA U+65E5 U+306F U+6674 U+308C U+3067 U+3059 U+304B,25,75,23,0,0,2,0,0,0,25,25,23,23
C02,C02-run01,,masked_itn,concat_without_separator,NFC,はい、わかりましたいいえ、まだです今日は晴れですか,U+306F U+3044 U+3001 U+308F U+304B U+308A U+307E U+3057 U+305F U+3044 U+3044 U+3048 U+3001 U+307E U+3060 U+3067 U+3059 U+4ECA U+65E5 U+306F U+6674 U+308C U+3067 U+3059 U+304B,25,75,23,0,0,2,0,0,0,25,25,23,23
C02,C02-run01,,masked_itn,concat_without_separator,NFKC,はい、わかりましたいいえ、まだです今日は晴れですか,U+306F U+3044 U+3001 U+308F U+304B U+308A U+307E U+3057 U+305F U+3044 U+3044 U+3048 U+3001 U+307E U+3060 U+3067 U+3059 U+4ECA U+65E5 U+306F U+6674 U+308C U+3067 U+3059 U+304B,25,75,23,0,0,2,0,0,0,25,25,23,23
C02,C02-run01,,masked_itn,join_with_ascii_space,none,はい、わかりましたいいえ、まだです今日は晴れですか,U+306F U+3044 U+3001 U+308F U+304B U+308A U+307E U+3057 U+305F U+3044 U+3044 U+3048 U+3001 U+307E U+3060 U+3067 U+3059 U+4ECA U+65E5 U+306F U+6674 U+308C U+3067 U+3059 U+304B,25,75,23,0,0,2,0,0,0,25,25,23,23
C02,C02-run01,,masked_itn,join_with_ascii_space,NFC,はい、わかりましたいいえ、まだです今日は晴れですか,U+306F U+3044 U+3001 U+308F U+304B U+308A U+307E U+3057 U+305F U+3044 U+3044 U+3048 U+3001 U+307E U+3060 U+3067 U+3059 U+4ECA U+65E5 U+306F U+6674 U+308C U+3067 U+3059 U+304B,25,75,23,0,0,2,0,0,0,25,25,23,23
C02,C02-run01,,masked_itn,join_with_ascii_space,NFKC,はい、わかりましたいいえ、まだです今日は晴れですか,U+306F U+3044 U+3001 U+308F U+304B U+308A U+307E U+3057 U+305F U+3044 U+3044 U+3048 U+3001 U+307E U+3060 U+3067 U+3059 U+4ECA U+65E5 U+306F U+6674 U+308C U+3067 U+3059 U+304B,25,75,23,0,0,2,0,0,0,25,25,23,23
C03,C03-run01,0,result_text,segment,none,今日は2026年8月3日。時刻は午後2時30分ですか。,U+4ECA U+65E5 U+306F U+0032 U+0030 U+0032 U+0036 U+5E74 U+0038 U+6708 U+0033 U+65E5 U+3002 U+6642 U+523B U+306F U+5348 U+5F8C U+0032 U+6642 U+0033 U+0030 U+5206 U+3067 U+3059 U+304B U+3002,27,63,16,0,9,2,0,0,0,27,27,25,25
C03,C03-run01,0,result_text,segment,NFC,今日は2026年8月3日。時刻は午後2時30分ですか。,U+4ECA U+65E5 U+306F U+0032 U+0030 U+0032 U+0036 U+5E74 U+0038 U+6708 U+0033 U+65E5 U+3002 U+6642 U+523B U+306F U+5348 U+5F8C U+0032 U+6642 U+0033 U+0030 U+5206 U+3067 U+3059 U+304B U+3002,27,63,16,0,9,2,0,0,0,27,27,25,25
C03,C03-run01,0,result_text,segment,NFKC,今日は2026年8月3日。時刻は午後2時30分ですか。,U+4ECA U+65E5 U+306F U+0032 U+0030 U+0032 U+0036 U+5E74 U+0038 U+6708 U+0033 U+65E5 U+3002 U+6642 U+523B U+306F U+5348 U+5F8C U+0032 U+6642 U+0033 U+0030 U+5206 U+3067 U+3059 U+304B U+3002,27,63,16,0,9,2,0,0,0,27,27,25,25
C03,C03-run01,0,display_text,segment,none,今日は2026年8月3日。時刻は午後2時30分ですか。,U+4ECA U+65E5 U+306F U+0032 U+0030 U+0032 U+0036 U+5E74 U+0038 U+6708 U+0033 U+65E5 U+3002 U+6642 U+523B U+306F U+5348 U+5F8C U+0032 U+6642 U+0033 U+0030 U+5206 U+3067 U+3059 U+304B U+3002,27,63,16,0,9,2,0,0,0,27,27,25,25
C03,C03-run01,0,display_text,segment,NFC,今日は2026年8月3日。時刻は午後2時30分ですか。,U+4ECA U+65E5 U+306F U+0032 U+0030 U+0032 U+0036 U+5E74 U+0038 U+6708 U+0033 U+65E5 U+3002 U+6642 U+523B U+306F U+5348 U+5F8C U+0032 U+6642 U+0033 U+0030 U+5206 U+3067 U+3059 U+304B U+3002,27,63,16,0,9,2,0,0,0,27,27,25,25
C03,C03-run01,0,display_text,segment,NFKC,今日は2026年8月3日。時刻は午後2時30分ですか。,U+4ECA U+65E5 U+306F U+0032 U+0030 U+0032 U+0036 U+5E74 U+0038 U+6708 U+0033 U+65E5 U+3002 U+6642 U+523B U+306F U+5348 U+5F8C U+0032 U+6642 U+0033 U+0030 U+5206 U+3067 U+3059 U+304B U+3002,27,63,16,0,9,2,0,0,0,27,27,25,25
C03,C03-run01,0,nbest_display,segment,none,今日は2026年8月3日。時刻は午後2時30分ですか。,U+4ECA U+65E5 U+306F U+0032 U+0030 U+0032 U+0036 U+5E74 U+0038 U+6708 U+0033 U+65E5 U+3002 U+6642 U+523B U+306F U+5348 U+5F8C U+0032 U+6642 U+0033 U+0030 U+5206 U+3067 U+3059 U+304B U+3002,27,63,16,0,9,2,0,0,0,27,27,25,25
C03,C03-run01,0,nbest_display,segment,NFC,今日は2026年8月3日。時刻は午後2時30分ですか。,U+4ECA U+65E5 U+306F U+0032 U+0030 U+0032 U+0036 U+5E74 U+0038 U+6708 U+0033 U+65E5 U+3002 U+6642 U+523B U+306F U+5348 U+5F8C U+0032 U+6642 U+0033 U+0030 U+5206 U+3067 U+3059 U+304B U+3002,27,63,16,0,9,2,0,0,0,27,27,25,25
C03,C03-run01,0,nbest_display,segment,NFKC,今日は2026年8月3日。時刻は午後2時30分ですか。,U+4ECA U+65E5 U+306F U+0032 U+0030 U+0032 U+0036 U+5E74 U+0038 U+6708 U+0033 U+65E5 U+3002 U+6642 U+523B U+306F U+5348 U+5F8C U+0032 U+6642 U+0033 U+0030 U+5206 U+3067 U+3059 U+304B U+3002,27,63,16,0,9,2,0,0,0,27,27,25,25
C03,C03-run01,0,lexical,segment,none,今日 は 二千二十六年 八月 三日 時刻 は 午後 二時 三十分 ですか,U+4ECA U+65E5 U+0020 U+306F U+0020 U+4E8C U+5343 U+4E8C U+5341 U+516D U+5E74 U+0020 U+516B U+6708 U+0020 U+4E09 U+65E5 U+0020 U+6642 U+523B U+0020 U+306F U+0020 U+5348 U+5F8C U+0020 U+4E8C U+6642 U+0020 U+4E09 U+5341 U+5206 U+0020 U+3067 U+3059 U+304B,36,88,26,0,0,0,0,10,0,36,26,36,26
C03,C03-run01,0,lexical,segment,NFC,今日 は 二千二十六年 八月 三日 時刻 は 午後 二時 三十分 ですか,U+4ECA U+65E5 U+0020 U+306F U+0020 U+4E8C U+5343 U+4E8C U+5341 U+516D U+5E74 U+0020 U+516B U+6708 U+0020 U+4E09 U+65E5 U+0020 U+6642 U+523B U+0020 U+306F U+0020 U+5348 U+5F8C U+0020 U+4E8C U+6642 U+0020 U+4E09 U+5341 U+5206 U+0020 U+3067 U+3059 U+304B,36,88,26,0,0,0,0,10,0,36,26,36,26
C03,C03-run01,0,lexical,segment,NFKC,今日 は 二千二十六年 八月 三日 時刻 は 午後 二時 三十分 ですか,U+4ECA U+65E5 U+0020 U+306F U+0020 U+4E8C U+5343 U+4E8C U+5341 U+516D U+5E74 U+0020 U+516B U+6708 U+0020 U+4E09 U+65E5 U+0020 U+6642 U+523B U+0020 U+306F U+0020 U+5348 U+5F8C U+0020 U+4E8C U+6642 U+0020 U+4E09 U+5341 U+5206 U+0020 U+3067 U+3059 U+304B,36,88,26,0,0,0,0,10,0,36,26,36,26
C03,C03-run01,0,itn,segment,none,今日 は 2026年 8月3日 時刻 は 午後 2時 30分 ですか,U+4ECA U+65E5 U+0020 U+306F U+0020 U+0032 U+0030 U+0032 U+0036 U+5E74 U+0020 U+0038 U+6708 U+0033 U+65E5 U+0020 U+6642 U+523B U+0020 U+306F U+0020 U+5348 U+5F8C U+0020 U+0032 U+6642 U+0020 U+0033 U+0030 U+5206 U+0020 U+3067 U+3059 U+304B,34,66,16,0,9,0,0,9,0,34,25,34,25
C03,C03-run01,0,itn,segment,NFC,今日 は 2026年 8月3日 時刻 は 午後 2時 30分 ですか,U+4ECA U+65E5 U+0020 U+306F U+0020 U+0032 U+0030 U+0032 U+0036 U+5E74 U+0020 U+0038 U+6708 U+0033 U+65E5 U+0020 U+6642 U+523B U+0020 U+306F U+0020 U+5348 U+5F8C U+0020 U+0032 U+6642 U+0020 U+0033 U+0030 U+5206 U+0020 U+3067 U+3059 U+304B,34,66,16,0,9,0,0,9,0,34,25,34,25
C03,C03-run01,0,itn,segment,NFKC,今日 は 2026年 8月3日 時刻 は 午後 2時 30分 ですか,U+4ECA U+65E5 U+0020 U+306F U+0020 U+0032 U+0030 U+0032 U+0036 U+5E74 U+0020 U+0038 U+6708 U+0033 U+65E5 U+0020 U+6642 U+523B U+0020 U+306F U+0020 U+5348 U+5F8C U+0020 U+0032 U+6642 U+0020 U+0033 U+0030 U+5206 U+0020 U+3067 U+3059 U+304B,34,66,16,0,9,0,0,9,0,34,25,34,25
C03,C03-run01,0,masked_itn,segment,none,今日は2026年8月3日時刻は午後2時30分ですか,U+4ECA U+65E5 U+306F U+0032 U+0030 U+0032 U+0036 U+5E74 U+0038 U+6708 U+0033 U+65E5 U+6642 U+523B U+306F U+5348 U+5F8C U+0032 U+6642 U+0033 U+0030 U+5206 U+3067 U+3059 U+304B,25,57,16,0,9,0,0,0,0,25,25,25,25
C03,C03-run01,0,masked_itn,segment,NFC,今日は2026年8月3日時刻は午後2時30分ですか,U+4ECA U+65E5 U+306F U+0032 U+0030 U+0032 U+0036 U+5E74 U+0038 U+6708 U+0033 U+65E5 U+6642 U+523B U+306F U+5348 U+5F8C U+0032 U+6642 U+0033 U+0030 U+5206 U+3067 U+3059 U+304B,25,57,16,0,9,0,0,0,0,25,25,25,25
C03,C03-run01,0,masked_itn,segment,NFKC,今日は2026年8月3日時刻は午後2時30分ですか,U+4ECA U+65E5 U+306F U+0032 U+0030 U+0032 U+0036 U+5E74 U+0038 U+6708 U+0033 U+65E5 U+6642 U+523B U+306F U+5348 U+5F8C U+0032 U+6642 U+0033 U+0030 U+5206 U+3067 U+3059 U+304B,25,57,16,0,9,0,0,0,0,25,25,25,25
C03,C03-run01,1,result_text,segment,none,価格は1234円です。,U+4FA1 U+683C U+306F U+0031 U+0032 U+0033 U+0034 U+5186 U+3067 U+3059 U+3002,11,25,6,0,4,1,0,0,0,11,11,10,10
C03,C03-run01,1,result_text,segment,NFC,価格は1234円です。,U+4FA1 U+683C U+306F U+0031 U+0032 U+0033 U+0034 U+5186 U+3067 U+3059 U+3002,11,25,6,0,4,1,0,0,0,11,11,10,10
C03,C03-run01,1,result_text,segment,NFKC,価格は1234円です。,U+4FA1 U+683C U+306F U+0031 U+0032 U+0033 U+0034 U+5186 U+3067 U+3059 U+3002,11,25,6,0,4,1,0,0,0,11,11,10,10
C03,C03-run01,1,display_text,segment,none,価格は1234円です。,U+4FA1 U+683C U+306F U+0031 U+0032 U+0033 U+0034 U+5186 U+3067 U+3059 U+3002,11,25,6,0,4,1,0,0,0,11,11,10,10
C03,C03-run01,1,display_text,segment,NFC,価格は1234円です。,U+4FA1 U+683C U+306F U+0031 U+0032 U+0033 U+0034 U+5186 U+3067 U+3059 U+3002,11,25,6,0,4,1,0,0,0,11,11,10,10
C03,C03-run01,1,display_text,segment,NFKC,価格は1234円です。,U+4FA1 U+683C U+306F U+0031 U+0032 U+0033 U+0034 U+5186 U+3067 U+3059 U+3002,11,25,6,0,4,1,0,0,0,11,11,10,10
C03,C03-run01,1,nbest_display,segment,none,価格は1234円です。,U+4FA1 U+683C U+306F U+0031 U+0032 U+0033 U+0034 U+5186 U+3067 U+3059 U+3002,11,25,6,0,4,1,0,0,0,11,11,10,10
C03,C03-run01,1,nbest_display,segment,NFC,価格は1234円です。,U+4FA1 U+683C U+306F U+0031 U+0032 U+0033 U+0034 U+5186 U+3067 U+3059 U+3002,11,25,6,0,4,1,0,0,0,11,11,10,10
C03,C03-run01,1,nbest_display,segment,NFKC,価格は1234円です。,U+4FA1 U+683C U+306F U+0031 U+0032 U+0033 U+0034 U+5186 U+3067 U+3059 U+3002,11,25,6,0,4,1,0,0,0,11,11,10,10
C03,C03-run01,1,lexical,segment,none,価格 は 千二百三十四 円 です,U+4FA1 U+683C U+0020 U+306F U+0020 U+5343 U+4E8C U+767E U+4E09 U+5341 U+56DB U+0020 U+5186 U+0020 U+3067 U+3059,16,40,12,0,0,0,0,4,0,16,12,16,12
C03,C03-run01,1,lexical,segment,NFC,価格 は 千二百三十四 円 です,U+4FA1 U+683C U+0020 U+306F U+0020 U+5343 U+4E8C U+767E U+4E09 U+5341 U+56DB U+0020 U+5186 U+0020 U+3067 U+3059,16,40,12,0,0,0,0,4,0,16,12,16,12
C03,C03-run01,1,lexical,segment,NFKC,価格 は 千二百三十四 円 です,U+4FA1 U+683C U+0020 U+306F U+0020 U+5343 U+4E8C U+767E U+4E09 U+5341 U+56DB U+0020 U+5186 U+0020 U+3067 U+3059,16,40,12,0,0,0,0,4,0,16,12,16,12
C03,C03-run01,1,itn,segment,none,価格 は 1234円 です,U+4FA1 U+683C U+0020 U+306F U+0020 U+0031 U+0032 U+0033 U+0034 U+5186 U+0020 U+3067 U+3059,13,25,6,0,4,0,0,3,0,13,10,13,10
C03,C03-run01,1,itn,segment,NFC,価格 は 1234円 です,U+4FA1 U+683C U+0020 U+306F U+0020 U+0031 U+0032 U+0033 U+0034 U+5186 U+0020 U+3067 U+3059,13,25,6,0,4,0,0,3,0,13,10,13,10
C03,C03-run01,1,itn,segment,NFKC,価格 は 1234円 です,U+4FA1 U+683C U+0020 U+306F U+0020 U+0031 U+0032 U+0033 U+0034 U+5186 U+0020 U+3067 U+3059,13,25,6,0,4,0,0,3,0,13,10,13,10
C03,C03-run01,1,masked_itn,segment,none,価格は1234円です,U+4FA1 U+683C U+306F U+0031 U+0032 U+0033 U+0034 U+5186 U+3067 U+3059,10,22,6,0,4,0,0,0,0,10,10,10,10
C03,C03-run01,1,masked_itn,segment,NFC,価格は1234円です,U+4FA1 U+683C U+306F U+0031 U+0032 U+0033 U+0034 U+5186 U+3067 U+3059,10,22,6,0,4,0,0,0,0,10,10,10,10
C03,C03-run01,1,masked_itn,segment,NFKC,価格は1234円です,U+4FA1 U+683C U+306F U+0031 U+0032 U+0033 U+0034 U+5186 U+3067 U+3059,10,22,6,0,4,0,0,0,0,10,10,10,10
C03,C03-run01,,result_text,concat_without_separator,none,今日は2026年8月3日。時刻は午後2時30分ですか。価格は1234円です。,U+4ECA U+65E5 U+306F U+0032 U+0030 U+0032 U+0036 U+5E74 U+0038 U+6708 U+0033 U+65E5 U+3002 U+6642 U+523B U+306F U+5348 U+5F8C U+0032 U+6642 U+0033 U+0030 U+5206 U+3067 U+3059 U+304B U+3002 U+4FA1 U+683C U+306F U+0031 U+0032 U+0033 U+0034 U+5186 U+3067 U+3059 U+3002,38,88,22,0,13,3,0,0,0,38,38,35,35
C03,C03-run01,,result_text,concat_without_separator,NFC,今日は2026年8月3日。時刻は午後2時30分ですか。価格は1234円です。,U+4ECA U+65E5 U+306F U+0032 U+0030 U+0032 U+0036 U+5E74 U+0038 U+6708 U+0033 U+65E5 U+3002 U+6642 U+523B U+306F U+5348 U+5F8C U+0032 U+6642 U+0033 U+0030 U+5206 U+3067 U+3059 U+304B U+3002 U+4FA1 U+683C U+306F U+0031 U+0032 U+0033 U+0034 U+5186 U+3067 U+3059 U+3002,38,88,22,0,13,3,0,0,0,38,38,35,35
C03,C03-run01,,result_text,concat_without_separator,NFKC,今日は2026年8月3日。時刻は午後2時30分ですか。価格は1234円です。,U+4ECA U+65E5 U+306F U+0032 U+0030 U+0032 U+0036 U+5E74 U+0038 U+6708 U+0033 U+65E5 U+3002 U+6642 U+523B U+306F U+5348 U+5F8C U+0032 U+6642 U+0033 U+0030 U+5206 U+3067 U+3059 U+304B U+3002 U+4FA1 U+683C U+306F U+0031 U+0032 U+0033 U+0034 U+5186 U+3067 U+3059 U+3002,38,88,22,0,13,3,0,0,0,38,38,35,35
C03,C03-run01,,result_text,join_with_ascii_space,none,今日は2026年8月3日。時刻は午後2時30分ですか。 価格は1234円です。,U+4ECA U+65E5 U+306F U+0032 U+0030 U+0032 U+0036 U+5E74 U+0038 U+6708 U+0033 U+65E5 U+3002 U+6642 U+523B U+306F U+5348 U+5F8C U+0032 U+6642 U+0033 U+0030 U+5206 U+3067 U+3059 U+304B U+3002 U+0020 U+4FA1 U+683C U+306F U+0031 U+0032 U+0033 U+0034 U+5186 U+3067 U+3059 U+3002,39,89,22,0,13,3,0,1,0,39,38,36,35
C03,C03-run01,,result_text,join_with_ascii_space,NFC,今日は2026年8月3日。時刻は午後2時30分ですか。 価格は1234円です。,U+4ECA U+65E5 U+306F U+0032 U+0030 U+0032 U+0036 U+5E74 U+0038 U+6708 U+0033 U+65E5 U+3002 U+6642 U+523B U+306F U+5348 U+5F8C U+0032 U+6642 U+0033 U+0030 U+5206 U+3067 U+3059 U+304B U+3002 U+0020 U+4FA1 U+683C U+306F U+0031 U+0032 U+0033 U+0034 U+5186 U+3067 U+3059 U+3002,39,89,22,0,13,3,0,1,0,39,38,36,35
C03,C03-run01,,result_text,join_with_ascii_space,NFKC,今日は2026年8月3日。時刻は午後2時30分ですか。 価格は1234円です。,U+4ECA U+65E5 U+306F U+0032 U+0030 U+0032 U+0036 U+5E74 U+0038 U+6708 U+0033 U+65E5 U+3002 U+6642 U+523B U+306F U+5348 U+5F8C U+0032 U+6642 U+0033 U+0030 U+5206 U+3067 U+3059 U+304B U+3002 U+0020 U+4FA1 U+683C U+306F U+0031 U+0032 U+0033 U+0034 U+5186 U+3067 U+3059 U+3002,39,89,22,0,13,3,0,1,0,39,38,36,35
C03,C03-run01,,display_text,concat_without_separator,none,今日は2026年8月3日。時刻は午後2時30分ですか。価格は1234円です。,U+4ECA U+65E5 U+306F U+0032 U+0030 U+0032 U+0036 U+5E74 U+0038 U+6708 U+0033 U+65E5 U+3002 U+6642 U+523B U+306F U+5348 U+5F8C U+0032 U+6642 U+0033 U+0030 U+5206 U+3067 U+3059 U+304B U+3002 U+4FA1 U+683C U+306F U+0031 U+0032 U+0033 U+0034 U+5186 U+3067 U+3059 U+3002,38,88,22,0,13,3,0,0,0,38,38,35,35
C03,C03-run01,,display_text,concat_without_separator,NFC,今日は2026年8月3日。時刻は午後2時30分ですか。価格は1234円です。,U+4ECA U+65E5 U+306F U+0032 U+0030 U+0032 U+0036 U+5E74 U+0038 U+6708 U+0033 U+65E5 U+3002 U+6642 U+523B U+306F U+5348 U+5F8C U+0032 U+6642 U+0033 U+0030 U+5206 U+3067 U+3059 U+304B U+3002 U+4FA1 U+683C U+306F U+0031 U+0032 U+0033 U+0034 U+5186 U+3067 U+3059 U+3002,38,88,22,0,13,3,0,0,0,38,38,35,35
C03,C03-run01,,display_text,concat_without_separator,NFKC,今日は2026年8月3日。時刻は午後2時30分ですか。価格は1234円です。,U+4ECA U+65E5 U+306F U+0032 U+0030 U+0032 U+0036 U+5E74 U+0038 U+6708 U+0033 U+65E5 U+3002 U+6642 U+523B U+306F U+5348 U+5F8C U+0032 U+6642 U+0033 U+0030 U+5206 U+3067 U+3059 U+304B U+3002 U+4FA1 U+683C U+306F U+0031 U+0032 U+0033 U+0034 U+5186 U+3067 U+3059 U+3002,38,88,22,0,13,3,0,0,0,38,38,35,35
C03,C03-run01,,display_text,join_with_ascii_space,none,今日は2026年8月3日。時刻は午後2時30分ですか。 価格は1234円です。,U+4ECA U+65E5 U+306F U+0032 U+0030 U+0032 U+0036 U+5E74 U+0038 U+6708 U+0033 U+65E5 U+3002 U+6642 U+523B U+306F U+5348 U+5F8C U+0032 U+6642 U+0033 U+0030 U+5206 U+3067 U+3059 U+304B U+3002 U+0020 U+4FA1 U+683C U+306F U+0031 U+0032 U+0033 U+0034 U+5186 U+3067 U+3059 U+3002,39,89,22,0,13,3,0,1,0,39,38,36,35
C03,C03-run01,,display_text,join_with_ascii_space,NFC,今日は2026年8月3日。時刻は午後2時30分ですか。 価格は1234円です。,U+4ECA U+65E5 U+306F U+0032 U+0030 U+0032 U+0036 U+5E74 U+0038 U+6708 U+0033 U+65E5 U+3002 U+6642 U+523B U+306F U+5348 U+5F8C U+0032 U+6642 U+0033 U+0030 U+5206 U+3067 U+3059 U+304B U+3002 U+0020 U+4FA1 U+683C U+306F U+0031 U+0032 U+0033 U+0034 U+5186 U+3067 U+3059 U+3002,39,89,22,0,13,3,0,1,0,39,38,36,35
C03,C03-run01,,display_text,join_with_ascii_space,NFKC,今日は2026年8月3日。時刻は午後2時30分ですか。 価格は1234円です。,U+4ECA U+65E5 U+306F U+0032 U+0030 U+0032 U+0036 U+5E74 U+0038 U+6708 U+0033 U+65E5 U+3002 U+6642 U+523B U+306F U+5348 U+5F8C U+0032 U+6642 U+0033 U+0030 U+5206 U+3067 U+3059 U+304B U+3002 U+0020 U+4FA1 U+683C U+306F U+0031 U+0032 U+0033 U+0034 U+5186 U+3067 U+3059 U+3002,39,89,22,0,13,3,0,1,0,39,38,36,35
C03,C03-run01,,nbest_display,concat_without_separator,none,今日は2026年8月3日。時刻は午後2時30分ですか。価格は1234円です。,U+4ECA U+65E5 U+306F U+0032 U+0030 U+0032 U+0036 U+5E74 U+0038 U+6708 U+0033 U+65E5 U+3002 U+6642 U+523B U+306F U+5348 U+5F8C U+0032 U+6642 U+0033 U+0030 U+5206 U+3067 U+3059 U+304B U+3002 U+4FA1 U+683C U+306F U+0031 U+0032 U+0033 U+0034 U+5186 U+3067 U+3059 U+3002,38,88,22,0,13,3,0,0,0,38,38,35,35
C03,C03-run01,,nbest_display,concat_without_separator,NFC,今日は2026年8月3日。時刻は午後2時30分ですか。価格は1234円です。,U+4ECA U+65E5 U+306F U+0032 U+0030 U+0032 U+0036 U+5E74 U+0038 U+6708 U+0033 U+65E5 U+3002 U+6642 U+523B U+306F U+5348 U+5F8C U+0032 U+6642 U+0033 U+0030 U+5206 U+3067 U+3059 U+304B U+3002 U+4FA1 U+683C U+306F U+0031 U+0032 U+0033 U+0034 U+5186 U+3067 U+3059 U+3002,38,88,22,0,13,3,0,0,0,38,38,35,35
C03,C03-run01,,nbest_display,concat_without_separator,NFKC,今日は2026年8月3日。時刻は午後2時30分ですか。価格は1234円です。,U+4ECA U+65E5 U+306F U+0032 U+0030 U+0032 U+0036 U+5E74 U+0038 U+6708 U+0033 U+65E5 U+3002 U+6642 U+523B U+306F U+5348 U+5F8C U+0032 U+6642 U+0033 U+0030 U+5206 U+3067 U+3059 U+304B U+3002 U+4FA1 U+683C U+306F U+0031 U+0032 U+0033 U+0034 U+5186 U+3067 U+3059 U+3002,38,88,22,0,13,3,0,0,0,38,38,35,35
C03,C03-run01,,nbest_display,join_with_ascii_space,none,今日は2026年8月3日。時刻は午後2時30分ですか。 価格は1234円です。,U+4ECA U+65E5 U+306F U+0032 U+0030 U+0032 U+0036 U+5E74 U+0038 U+6708 U+0033 U+65E5 U+3002 U+6642 U+523B U+306F U+5348 U+5F8C U+0032 U+6642 U+0033 U+0030 U+5206 U+3067 U+3059 U+304B U+3002 U+0020 U+4FA1 U+683C U+306F U+0031 U+0032 U+0033 U+0034 U+5186 U+3067 U+3059 U+3002,39,89,22,0,13,3,0,1,0,39,38,36,35
C03,C03-run01,,nbest_display,join_with_ascii_space,NFC,今日は2026年8月3日。時刻は午後2時30分ですか。 価格は1234円です。,U+4ECA U+65E5 U+306F U+0032 U+0030 U+0032 U+0036 U+5E74 U+0038 U+6708 U+0033 U+65E5 U+3002 U+6642 U+523B U+306F U+5348 U+5F8C U+0032 U+6642 U+0033 U+0030 U+5206 U+3067 U+3059 U+304B U+3002 U+0020 U+4FA1 U+683C U+306F U+0031 U+0032 U+0033 U+0034 U+5186 U+3067 U+3059 U+3002,39,89,22,0,13,3,0,1,0,39,38,36,35
C03,C03-run01,,nbest_display,join_with_ascii_space,NFKC,今日は2026年8月3日。時刻は午後2時30分ですか。 価格は1234円です。,U+4ECA U+65E5 U+306F U+0032 U+0030 U+0032 U+0036 U+5E74 U+0038 U+6708 U+0033 U+65E5 U+3002 U+6642 U+523B U+306F U+5348 U+5F8C U+0032 U+6642 U+0033 U+0030 U+5206 U+3067 U+3059 U+304B U+3002 U+0020 U+4FA1 U+683C U+306F U+0031 U+0032 U+0033 U+0034 U+5186 U+3067 U+3059 U+3002,39,89,22,0,13,3,0,1,0,39,38,36,35
C03,C03-run01,,lexical,concat_without_separator,none,今日 は 二千二十六年 八月 三日 時刻 は 午後 二時 三十分 ですか価格 は 千二百三十四 円 です,U+4ECA U+65E5 U+0020 U+306F U+0020 U+4E8C U+5343 U+4E8C U+5341 U+516D U+5E74 U+0020 U+516B U+6708 U+0020 U+4E09 U+65E5 U+0020 U+6642 U+523B U+0020 U+306F U+0020 U+5348 U+5F8C U+0020 U+4E8C U+6642 U+0020 U+4E09 U+5341 U+5206 U+0020 U+3067 U+3059 U+304B U+4FA1 U+683C U+0020 U+306F U+0020 U+5343 U+4E8C U+767E U+4E09 U+5341 U+56DB U+0020 U+5186 U+0020 U+3067 U+3059,52,128,38,0,0,0,0,14,0,52,38,52,38
C03,C03-run01,,lexical,concat_without_separator,NFC,今日 は 二千二十六年 八月 三日 時刻 は 午後 二時 三十分 ですか価格 は 千二百三十四 円 です,U+4ECA U+65E5 U+0020 U+306F U+0020 U+4E8C U+5343 U+4E8C U+5341 U+516D U+5E74 U+0020 U+516B U+6708 U+0020 U+4E09 U+65E5 U+0020 U+6642 U+523B U+0020 U+306F U+0020 U+5348 U+5F8C U+0020 U+4E8C U+6642 U+0020 U+4E09 U+5341 U+5206 U+0020 U+3067 U+3059 U+304B U+4FA1 U+683C U+0020 U+306F U+0020 U+5343 U+4E8C U+767E U+4E09 U+5341 U+56DB U+0020 U+5186 U+0020 U+3067 U+3059,52,128,38,0,0,0,0,14,0,52,38,52,38
C03,C03-run01,,lexical,concat_without_separator,NFKC,今日 は 二千二十六年 八月 三日 時刻 は 午後 二時 三十分 ですか価格 は 千二百三十四 円 です,U+4ECA U+65E5 U+0020 U+306F U+0020 U+4E8C U+5343 U+4E8C U+5341 U+516D U+5E74 U+0020 U+516B U+6708 U+0020 U+4E09 U+65E5 U+0020 U+6642 U+523B U+0020 U+306F U+0020 U+5348 U+5F8C U+0020 U+4E8C U+6642 U+0020 U+4E09 U+5341 U+5206 U+0020 U+3067 U+3059 U+304B U+4FA1 U+683C U+0020 U+306F U+0020 U+5343 U+4E8C U+767E U+4E09 U+5341 U+56DB U+0020 U+5186 U+0020 U+3067 U+3059,52,128,38,0,0,0,0,14,0,52,38,52,38
C03,C03-run01,,lexical,join_with_ascii_space,none,今日 は 二千二十六年 八月 三日 時刻 は 午後 二時 三十分 ですか 価格 は 千二百三十四 円 です,U+4ECA U+65E5 U+0020 U+306F U+0020 U+4E8C U+5343 U+4E8C U+5341 U+516D U+5E74 U+0020 U+516B U+6708 U+0020 U+4E09 U+65E5 U+0020 U+6642 U+523B U+0020 U+306F U+0020 U+5348 U+5F8C U+0020 U+4E8C U+6642 U+0020 U+4E09 U+5341 U+5206 U+0020 U+3067 U+3059 U+304B U+0020 U+4FA1 U+683C U+0020 U+306F U+0020 U+5343 U+4E8C U+767E U+4E09 U+5341 U+56DB U+0020 U+5186 U+0020 U+3067 U+3059,53,129,38,0,0,0,0,15,0,53,38,53,38
C03,C03-run01,,lexical,join_with_ascii_space,NFC,今日 は 二千二十六年 八月 三日 時刻 は 午後 二時 三十分 ですか 価格 は 千二百三十四 円 です,U+4ECA U+65E5 U+0020 U+306F U+0020 U+4E8C U+5343 U+4E8C U+5341 U+516D U+5E74 U+0020 U+516B U+6708 U+0020 U+4E09 U+65E5 U+0020 U+6642 U+523B U+0020 U+306F U+0020 U+5348 U+5F8C U+0020 U+4E8C U+6642 U+0020 U+4E09 U+5341 U+5206 U+0020 U+3067 U+3059 U+304B U+0020 U+4FA1 U+683C U+0020 U+306F U+0020 U+5343 U+4E8C U+767E U+4E09 U+5341 U+56DB U+0020 U+5186 U+0020 U+3067 U+3059,53,129,38,0,0,0,0,15,0,53,38,53,38
C03,C03-run01,,lexical,join_with_ascii_space,NFKC,今日 は 二千二十六年 八月 三日 時刻 は 午後 二時 三十分 ですか 価格 は 千二百三十四 円 です,U+4ECA U+65E5 U+0020 U+306F U+0020 U+4E8C U+5343 U+4E8C U+5341 U+516D U+5E74 U+0020 U+516B U+6708 U+0020 U+4E09 U+65E5 U+0020 U+6642 U+523B U+0020 U+306F U+0020 U+5348 U+5F8C U+0020 U+4E8C U+6642 U+0020 U+4E09 U+5341 U+5206 U+0020 U+3067 U+3059 U+304B U+0020 U+4FA1 U+683C U+0020 U+306F U+0020 U+5343 U+4E8C U+767E U+4E09 U+5341 U+56DB U+0020 U+5186 U+0020 U+3067 U+3059,53,129,38,0,0,0,0,15,0,53,38,53,38
C03,C03-run01,,itn,concat_without_separator,none,今日 は 2026年 8月3日 時刻 は 午後 2時 30分 ですか価格 は 1234円 です,U+4ECA U+65E5 U+0020 U+306F U+0020 U+0032 U+0030 U+0032 U+0036 U+5E74 U+0020 U+0038 U+6708 U+0033 U+65E5 U+0020 U+6642 U+523B U+0020 U+306F U+0020 U+5348 U+5F8C U+0020 U+0032 U+6642 U+0020 U+0033 U+0030 U+5206 U+0020 U+3067 U+3059 U+304B U+4FA1 U+683C U+0020 U+306F U+0020 U+0031 U+0032 U+0033 U+0034 U+5186 U+0020 U+3067 U+3059,47,91,22,0,13,0,0,12,0,47,35,47,35
C03,C03-run01,,itn,concat_without_separator,NFC,今日 は 2026年 8月3日 時刻 は 午後 2時 30分 ですか価格 は 1234円 です,U+4ECA U+65E5 U+0020 U+306F U+0020 U+0032 U+0030 U+0032 U+0036 U+5E74 U+0020 U+0038 U+6708 U+0033 U+65E5 U+0020 U+6642 U+523B U+0020 U+306F U+0020 U+5348 U+5F8C U+0020 U+0032 U+6642 U+0020 U+0033 U+0030 U+5206 U+0020 U+3067 U+3059 U+304B U+4FA1 U+683C U+0020 U+306F U+0020 U+0031 U+0032 U+0033 U+0034 U+5186 U+0020 U+3067 U+3059,47,91,22,0,13,0,0,12,0,47,35,47,35
C03,C03-run01,,itn,concat_without_separator,NFKC,今日 は 2026年 8月3日 時刻 は 午後 2時 30分 ですか価格 は 1234円 です,U+4ECA U+65E5 U+0020 U+306F U+0020 U+0032 U+0030 U+0032 U+0036 U+5E74 U+0020 U+0038 U+6708 U+0033 U+65E5 U+0020 U+6642 U+523B U+0020 U+306F U+0020 U+5348 U+5F8C U+0020 U+0032 U+6642 U+0020 U+0033 U+0030 U+5206 U+0020 U+3067 U+3059 U+304B U+4FA1 U+683C U+0020 U+306F U+0020 U+0031 U+0032 U+0033 U+0034 U+5186 U+0020 U+3067 U+3059,47,91,22,0,13,0,0,12,0,47,35,47,35
C03,C03-run01,,itn,join_with_ascii_space,none,今日 は 2026年 8月3日 時刻 は 午後 2時 30分 ですか 価格 は 1234円 です,U+4ECA U+65E5 U+0020 U+306F U+0020 U+0032 U+0030 U+0032 U+0036 U+5E74 U+0020 U+0038 U+6708 U+0033 U+65E5 U+0020 U+6642 U+523B U+0020 U+306F U+0020 U+5348 U+5F8C U+0020 U+0032 U+6642 U+0020 U+0033 U+0030 U+5206 U+0020 U+3067 U+3059 U+304B U+0020 U+4FA1 U+683C U+0020 U+306F U+0020 U+0031 U+0032 U+0033 U+0034 U+5186 U+0020 U+3067 U+3059,48,92,22,0,13,0,0,13,0,48,35,48,35
C03,C03-run01,,itn,join_with_ascii_space,NFC,今日 は 2026年 8月3日 時刻 は 午後 2時 30分 ですか 価格 は 1234円 です,U+4ECA U+65E5 U+0020 U+306F U+0020 U+0032 U+0030 U+0032 U+0036 U+5E74 U+0020 U+0038 U+6708 U+0033 U+65E5 U+0020 U+6642 U+523B U+0020 U+306F U+0020 U+5348 U+5F8C U+0020 U+0032 U+6642 U+0020 U+0033 U+0030 U+5206 U+0020 U+3067 U+3059 U+304B U+0020 U+4FA1 U+683C U+0020 U+306F U+0020 U+0031 U+0032 U+0033 U+0034 U+5186 U+0020 U+3067 U+3059,48,92,22,0,13,0,0,13,0,48,35,48,35
C03,C03-run01,,itn,join_with_ascii_space,NFKC,今日 は 2026年 8月3日 時刻 は 午後 2時 30分 ですか 価格 は 1234円 です,U+4ECA U+65E5 U+0020 U+306F U+0020 U+0032 U+0030 U+0032 U+0036 U+5E74 U+0020 U+0038 U+6708 U+0033 U+65E5 U+0020 U+6642 U+523B U+0020 U+306F U+0020 U+5348 U+5F8C U+0020 U+0032 U+6642 U+0020 U+0033 U+0030 U+5206 U+0020 U+3067 U+3059 U+304B U+0020 U+4FA1 U+683C U+0020 U+306F U+0020 U+0031 U+0032 U+0033 U+0034 U+5186 U+0020 U+3067 U+3059,48,92,22,0,13,0,0,13,0,48,35,48,35
C03,C03-run01,,masked_itn,concat_without_separator,none,今日は2026年8月3日時刻は午後2時30分ですか価格は1234円です,U+4ECA U+65E5 U+306F U+0032 U+0030 U+0032 U+0036 U+5E74 U+0038 U+6708 U+0033 U+65E5 U+6642 U+523B U+306F U+5348 U+5F8C U+0032 U+6642 U+0033 U+0030 U+5206 U+3067 U+3059 U+304B U+4FA1 U+683C U+306F U+0031 U+0032 U+0033 U+0034 U+5186 U+3067 U+3059,35,79,22,0,13,0,0,0,0,35,35,35,35
C03,C03-run01,,masked_itn,concat_without_separator,NFC,今日は2026年8月3日時刻は午後2時30分ですか価格は1234円です,U+4ECA U+65E5 U+306F U+0032 U+0030 U+0032 U+0036 U+5E74 U+0038 U+6708 U+0033 U+65E5 U+6642 U+523B U+306F U+5348 U+5F8C U+0032 U+6642 U+0033 U+0030 U+5206 U+3067 U+3059 U+304B U+4FA1 U+683C U+306F U+0031 U+0032 U+0033 U+0034 U+5186 U+3067 U+3059,35,79,22,0,13,0,0,0,0,35,35,35,35
C03,C03-run01,,masked_itn,concat_without_separator,NFKC,今日は2026年8月3日時刻は午後2時30分ですか価格は1234円です,U+4ECA U+65E5 U+306F U+0032 U+0030 U+0032 U+0036 U+5E74 U+0038 U+6708 U+0033 U+65E5 U+6642 U+523B U+306F U+5348 U+5F8C U+0032 U+6642 U+0033 U+0030 U+5206 U+3067 U+3059 U+304B U+4FA1 U+683C U+306F U+0031 U+0032 U+0033 U+0034 U+5186 U+3067 U+3059,35,79,22,0,13,0,0,0,0,35,35,35,35
C03,C03-run01,,masked_itn,join_with_ascii_space,none,今日は2026年8月3日時刻は午後2時30分ですか 価格は1234円です,U+4ECA U+65E5 U+306F U+0032 U+0030 U+0032 U+0036 U+5E74 U+0038 U+6708 U+0033 U+65E5 U+6642 U+523B U+306F U+5348 U+5F8C U+0032 U+6642 U+0033 U+0030 U+5206 U+3067 U+3059 U+304B U+0020 U+4FA1 U+683C U+306F U+0031 U+0032 U+0033 U+0034 U+5186 U+3067 U+3059,36,80,22,0,13,0,0,1,0,36,35,36,35
C03,C03-run01,,masked_itn,join_with_ascii_space,NFC,今日は2026年8月3日時刻は午後2時30分ですか 価格は1234円です,U+4ECA U+65E5 U+306F U+0032 U+0030 U+0032 U+0036 U+5E74 U+0038 U+6708 U+0033 U+65E5 U+6642 U+523B U+306F U+5348 U+5F8C U+0032 U+6642 U+0033 U+0030 U+5206 U+3067 U+3059 U+304B U+0020 U+4FA1 U+683C U+306F U+0031 U+0032 U+0033 U+0034 U+5186 U+3067 U+3059,36,80,22,0,13,0,0,1,0,36,35,36,35
C03,C03-run01,,masked_itn,join_with_ascii_space,NFKC,今日は2026年8月3日時刻は午後2時30分ですか 価格は1234円です,U+4ECA U+65E5 U+306F U+0032 U+0030 U+0032 U+0036 U+5E74 U+0038 U+6708 U+0033 U+65E5 U+6642 U+523B U+306F U+5348 U+5F8C U+0032 U+6642 U+0033 U+0030 U+5206 U+3067 U+3059 U+304B U+0020 U+4FA1 U+683C U+306F U+0031 U+0032 U+0033 U+0034 U+5186 U+3067 U+3059,36,80,22,0,13,0,0,1,0,36,35,36,35
C04,C04-run01,0,result_text,segment,none,AIとAPIとURLを使います。製品コードはAB一二にCさんです。バージョンは2.0です。,U+0041 U+0049 U+3068 U+0041 U+0050 U+0049 U+3068 U+0055 U+0052 U+004C U+3092 U+4F7F U+3044 U+307E U+3059 U+3002 U+88FD U+54C1 U+30B3 U+30FC U+30C9 U+306F U+0041 U+0042 U+4E00 U+4E8C U+306B U+0043 U+3055 U+3093 U+3067 U+3059 U+3002 U+30D0 U+30FC U+30B8 U+30E7 U+30F3 U+306F U+0032 U+002E U+0030 U+3067 U+3059 U+3002,45,107,39,0,2,4,0,0,0,45,45,41,41
C04,C04-run01,0,result_text,segment,NFC,AIとAPIとURLを使います。製品コードはAB一二にCさんです。バージョンは2.0です。,U+0041 U+0049 U+3068 U+0041 U+0050 U+0049 U+3068 U+0055 U+0052 U+004C U+3092 U+4F7F U+3044 U+307E U+3059 U+3002 U+88FD U+54C1 U+30B3 U+30FC U+30C9 U+306F U+0041 U+0042 U+4E00 U+4E8C U+306B U+0043 U+3055 U+3093 U+3067 U+3059 U+3002 U+30D0 U+30FC U+30B8 U+30E7 U+30F3 U+306F U+0032 U+002E U+0030 U+3067 U+3059 U+3002,45,107,39,0,2,4,0,0,0,45,45,41,41
C04,C04-run01,0,result_text,segment,NFKC,AIとAPIとURLを使います。製品コードはAB一二にCさんです。バージョンは2.0です。,U+0041 U+0049 U+3068 U+0041 U+0050 U+0049 U+3068 U+0055 U+0052 U+004C U+3092 U+4F7F U+3044 U+307E U+3059 U+3002 U+88FD U+54C1 U+30B3 U+30FC U+30C9 U+306F U+0041 U+0042 U+4E00 U+4E8C U+306B U+0043 U+3055 U+3093 U+3067 U+3059 U+3002 U+30D0 U+30FC U+30B8 U+30E7 U+30F3 U+306F U+0032 U+002E U+0030 U+3067 U+3059 U+3002,45,107,39,0,2,4,0,0,0,45,45,41,41
C04,C04-run01,0,display_text,segment,none,AIとAPIとURLを使います。製品コードはAB一二にCさんです。バージョンは2.0です。,U+0041 U+0049 U+3068 U+0041 U+0050 U+0049 U+3068 U+0055 U+0052 U+004C U+3092 U+4F7F U+3044 U+307E U+3059 U+3002 U+88FD U+54C1 U+30B3 U+30FC U+30C9 U+306F U+0041 U+0042 U+4E00 U+4E8C U+306B U+0043 U+3055 U+3093 U+3067 U+3059 U+3002 U+30D0 U+30FC U+30B8 U+30E7 U+30F3 U+306F U+0032 U+002E U+0030 U+3067 U+3059 U+3002,45,107,39,0,2,4,0,0,0,45,45,41,41
C04,C04-run01,0,display_text,segment,NFC,AIとAPIとURLを使います。製品コードはAB一二にCさんです。バージョンは2.0です。,U+0041 U+0049 U+3068 U+0041 U+0050 U+0049 U+3068 U+0055 U+0052 U+004C U+3092 U+4F7F U+3044 U+307E U+3059 U+3002 U+88FD U+54C1 U+30B3 U+30FC U+30C9 U+306F U+0041 U+0042 U+4E00 U+4E8C U+306B U+0043 U+3055 U+3093 U+3067 U+3059 U+3002 U+30D0 U+30FC U+30B8 U+30E7 U+30F3 U+306F U+0032 U+002E U+0030 U+3067 U+3059 U+3002,45,107,39,0,2,4,0,0,0,45,45,41,41
C04,C04-run01,0,display_text,segment,NFKC,AIとAPIとURLを使います。製品コードはAB一二にCさんです。バージョンは2.0です。,U+0041 U+0049 U+3068 U+0041 U+0050 U+0049 U+3068 U+0055 U+0052 U+004C U+3092 U+4F7F U+3044 U+307E U+3059 U+3002 U+88FD U+54C1 U+30B3 U+30FC U+30C9 U+306F U+0041 U+0042 U+4E00 U+4E8C U+306B U+0043 U+3055 U+3093 U+3067 U+3059 U+3002 U+30D0 U+30FC U+30B8 U+30E7 U+30F3 U+306F U+0032 U+002E U+0030 U+3067 U+3059 U+3002,45,107,39,0,2,4,0,0,0,45,45,41,41
C04,C04-run01,0,nbest_display,segment,none,AIとAPIとURLを使います。製品コードはAB一二にCさんです。バージョンは2.0です。,U+0041 U+0049 U+3068 U+0041 U+0050 U+0049 U+3068 U+0055 U+0052 U+004C U+3092 U+4F7F U+3044 U+307E U+3059 U+3002 U+88FD U+54C1 U+30B3 U+30FC U+30C9 U+306F U+0041 U+0042 U+4E00 U+4E8C U+306B U+0043 U+3055 U+3093 U+3067 U+3059 U+3002 U+30D0 U+30FC U+30B8 U+30E7 U+30F3 U+306F U+0032 U+002E U+0030 U+3067 U+3059 U+3002,45,107,39,0,2,4,0,0,0,45,45,41,41
C04,C04-run01,0,nbest_display,segment,NFC,AIとAPIとURLを使います。製品コードはAB一二にCさんです。バージョンは2.0です。,U+0041 U+0049 U+3068 U+0041 U+0050 U+0049 U+3068 U+0055 U+0052 U+004C U+3092 U+4F7F U+3044 U+307E U+3059 U+3002 U+88FD U+54C1 U+30B3 U+30FC U+30C9 U+306F U+0041 U+0042 U+4E00 U+4E8C U+306B U+0043 U+3055 U+3093 U+3067 U+3059 U+3002 U+30D0 U+30FC U+30B8 U+30E7 U+30F3 U+306F U+0032 U+002E U+0030 U+3067 U+3059 U+3002,45,107,39,0,2,4,0,0,0,45,45,41,41
C04,C04-run01,0,nbest_display,segment,NFKC,AIとAPIとURLを使います。製品コードはAB一二にCさんです。バージョンは2.0です。,U+0041 U+0049 U+3068 U+0041 U+0050 U+0049 U+3068 U+0055 U+0052 U+004C U+3092 U+4F7F U+3044 U+307E U+3059 U+3002 U+88FD U+54C1 U+30B3 U+30FC U+30C9 U+306F U+0041 U+0042 U+4E00 U+4E8C U+306B U+0043 U+3055 U+3093 U+3067 U+3059 U+3002 U+30D0 U+30FC U+30B8 U+30E7 U+30F3 U+306F U+0032 U+002E U+0030 U+3067 U+3059 U+3002,45,107,39,0,2,4,0,0,0,45,45,41,41
C04,C04-run01,0,lexical,segment,none,ai と api と url を 使 います 製品 コード は ab 一二 に c さんです バージョン は 二 点 ゼロ です,U+0061 U+0069 U+0020 U+3068 U+0020 U+0061 U+0070 U+0069 U+0020 U+3068 U+0020 U+0075 U+0072 U+006C U+0020 U+3092 U+0020 U+4F7F U+0020 U+3044 U+307E U+3059 U+0020 U+88FD U+54C1 U+0020 U+30B3 U+30FC U+30C9 U+0020 U+306F U+0020 U+0061 U+0062 U+0020 U+4E00 U+4E8C U+0020 U+306B U+0020 U+0063 U+0020 U+3055 U+3093 U+3067 U+3059 U+0020 U+30D0 U+30FC U+30B8 U+30E7 U+30F3 U+0020 U+306F U+0020 U+4E8C U+0020 U+70B9 U+0020 U+30BC U+30ED U+0020 U+3067 U+3059,64,128,43,0,0,0,0,21,0,64,43,64,43
C04,C04-run01,0,lexical,segment,NFC,ai と api と url を 使 います 製品 コード は ab 一二 に c さんです バージョン は 二 点 ゼロ です,U+0061 U+0069 U+0020 U+3068 U+0020 U+0061 U+0070 U+0069 U+0020 U+3068 U+0020 U+0075 U+0072 U+006C U+0020 U+3092 U+0020 U+4F7F U+0020 U+3044 U+307E U+3059 U+0020 U+88FD U+54C1 U+0020 U+30B3 U+30FC U+30C9 U+0020 U+306F U+0020 U+0061 U+0062 U+0020 U+4E00 U+4E8C U+0020 U+306B U+0020 U+0063 U+0020 U+3055 U+3093 U+3067 U+3059 U+0020 U+30D0 U+30FC U+30B8 U+30E7 U+30F3 U+0020 U+306F U+0020 U+4E8C U+0020 U+70B9 U+0020 U+30BC U+30ED U+0020 U+3067 U+3059,64,128,43,0,0,0,0,21,0,64,43,64,43
C04,C04-run01,0,lexical,segment,NFKC,ai と api と url を 使 います 製品 コード は ab 一二 に c さんです バージョン は 二 点 ゼロ です,U+0061 U+0069 U+0020 U+3068 U+0020 U+0061 U+0070 U+0069 U+0020 U+3068 U+0020 U+0075 U+0072 U+006C U+0020 U+3092 U+0020 U+4F7F U+0020 U+3044 U+307E U+3059 U+0020 U+88FD U+54C1 U+0020 U+30B3 U+30FC U+30C9 U+0020 U+306F U+0020 U+0061 U+0062 U+0020 U+4E00 U+4E8C U+0020 U+306B U+0020 U+0063 U+0020 U+3055 U+3093 U+3067 U+3059 U+0020 U+30D0 U+30FC U+30B8 U+30E7 U+30F3 U+0020 U+306F U+0020 U+4E8C U+0020 U+70B9 U+0020 U+30BC U+30ED U+0020 U+3067 U+3059,64,128,43,0,0,0,0,21,0,64,43,64,43
C04,C04-run01,0,itn,segment,none,ai と api と url を 使 います 製品 コード は ab 一二 に c さんです バージョン は 2.0 です,U+0061 U+0069 U+0020 U+3068 U+0020 U+0061 U+0070 U+0069 U+0020 U+3068 U+0020 U+0075 U+0072 U+006C U+0020 U+3092 U+0020 U+4F7F U+0020 U+3044 U+307E U+3059 U+0020 U+88FD U+54C1 U+0020 U+30B3 U+30FC U+30C9 U+0020 U+306F U+0020 U+0061 U+0062 U+0020 U+4E00 U+4E8C U+0020 U+306B U+0020 U+0063 U+0020 U+3055 U+3093 U+3067 U+3059 U+0020 U+30D0 U+30FC U+30B8 U+30E7 U+30F3 U+0020 U+306F U+0020 U+0032 U+002E U+0030 U+0020 U+3067 U+3059,61,117,39,0,2,1,0,19,0,61,42,60,41
C04,C04-run01,0,itn,segment,NFC,ai と api と url を 使 います 製品 コード は ab 一二 に c さんです バージョン は 2.0 です,U+0061 U+0069 U+0020 U+3068 U+0020 U+0061 U+0070 U+0069 U+0020 U+3068 U+0020 U+0075 U+0072 U+006C U+0020 U+3092 U+0020 U+4F7F U+0020 U+3044 U+307E U+3059 U+0020 U+88FD U+54C1 U+0020 U+30B3 U+30FC U+30C9 U+0020 U+306F U+0020 U+0061 U+0062 U+0020 U+4E00 U+4E8C U+0020 U+306B U+0020 U+0063 U+0020 U+3055 U+3093 U+3067 U+3059 U+0020 U+30D0 U+30FC U+30B8 U+30E7 U+30F3 U+0020 U+306F U+0020 U+0032 U+002E U+0030 U+0020 U+3067 U+3059,61,117,39,0,2,1,0,19,0,61,42,60,41
C04,C04-run01,0,itn,segment,NFKC,ai と api と url を 使 います 製品 コード は ab 一二 に c さんです バージョン は 2.0 です,U+0061 U+0069 U+0020 U+3068 U+0020 U+0061 U+0070 U+0069 U+0020 U+3068 U+0020 U+0075 U+0072 U+006C U+0020 U+3092 U+0020 U+4F7F U+0020 U+3044 U+307E U+3059 U+0020 U+88FD U+54C1 U+0020 U+30B3 U+30FC U+30C9 U+0020 U+306F U+0020 U+0061 U+0062 U+0020 U+4E00 U+4E8C U+0020 U+306B U+0020 U+0063 U+0020 U+3055 U+3093 U+3067 U+3059 U+0020 U+30D0 U+30FC U+30B8 U+30E7 U+30F3 U+0020 U+306F U+0020 U+0032 U+002E U+0030 U+0020 U+3067 U+3059,61,117,39,0,2,1,0,19,0,61,42,60,41
C04,C04-run01,0,masked_itn,segment,none,aiとapiとurlを使います製品コードはab一二にcさんですバージョンは2.0です,U+0061 U+0069 U+3068 U+0061 U+0070 U+0069 U+3068 U+0075 U+0072 U+006C U+3092 U+4F7F U+3044 U+307E U+3059 U+88FD U+54C1 U+30B3 U+30FC U+30C9 U+306F U+0061 U+0062 U+4E00 U+4E8C U+306B U+0063 U+3055 U+3093 U+3067 U+3059 U+30D0 U+30FC U+30B8 U+30E7 U+30F3 U+306F U+0032 U+002E U+0030 U+3067 U+3059,42,98,39,0,2,1,0,0,0,42,42,41,41
C04,C04-run01,0,masked_itn,segment,NFC,aiとapiとurlを使います製品コードはab一二にcさんですバージョンは2.0です,U+0061 U+0069 U+3068 U+0061 U+0070 U+0069 U+3068 U+0075 U+0072 U+006C U+3092 U+4F7F U+3044 U+307E U+3059 U+88FD U+54C1 U+30B3 U+30FC U+30C9 U+306F U+0061 U+0062 U+4E00 U+4E8C U+306B U+0063 U+3055 U+3093 U+3067 U+3059 U+30D0 U+30FC U+30B8 U+30E7 U+30F3 U+306F U+0032 U+002E U+0030 U+3067 U+3059,42,98,39,0,2,1,0,0,0,42,42,41,41
C04,C04-run01,0,masked_itn,segment,NFKC,aiとapiとurlを使います製品コードはab一二にcさんですバージョンは2.0です,U+0061 U+0069 U+3068 U+0061 U+0070 U+0069 U+3068 U+0075 U+0072 U+006C U+3092 U+4F7F U+3044 U+307E U+3059 U+88FD U+54C1 U+30B3 U+30FC U+30C9 U+306F U+0061 U+0062 U+4E00 U+4E8C U+306B U+0063 U+3055 U+3093 U+3067 U+3059 U+30D0 U+30FC U+30B8 U+30E7 U+30F3 U+306F U+0032 U+002E U+0030 U+3067 U+3059,42,98,39,0,2,1,0,0,0,42,42,41,41
C04,C04-run01,,result_text,concat_without_separator,none,AIとAPIとURLを使います。製品コードはAB一二にCさんです。バージョンは2.0です。,U+0041 U+0049 U+3068 U+0041 U+0050 U+0049 U+3068 U+0055 U+0052 U+004C U+3092 U+4F7F U+3044 U+307E U+3059 U+3002 U+88FD U+54C1 U+30B3 U+30FC U+30C9 U+306F U+0041 U+0042 U+4E00 U+4E8C U+306B U+0043 U+3055 U+3093 U+3067 U+3059 U+3002 U+30D0 U+30FC U+30B8 U+30E7 U+30F3 U+306F U+0032 U+002E U+0030 U+3067 U+3059 U+3002,45,107,39,0,2,4,0,0,0,45,45,41,41
C04,C04-run01,,result_text,concat_without_separator,NFC,AIとAPIとURLを使います。製品コードはAB一二にCさんです。バージョンは2.0です。,U+0041 U+0049 U+3068 U+0041 U+0050 U+0049 U+3068 U+0055 U+0052 U+004C U+3092 U+4F7F U+3044 U+307E U+3059 U+3002 U+88FD U+54C1 U+30B3 U+30FC U+30C9 U+306F U+0041 U+0042 U+4E00 U+4E8C U+306B U+0043 U+3055 U+3093 U+3067 U+3059 U+3002 U+30D0 U+30FC U+30B8 U+30E7 U+30F3 U+306F U+0032 U+002E U+0030 U+3067 U+3059 U+3002,45,107,39,0,2,4,0,0,0,45,45,41,41
C04,C04-run01,,result_text,concat_without_separator,NFKC,AIとAPIとURLを使います。製品コードはAB一二にCさんです。バージョンは2.0です。,U+0041 U+0049 U+3068 U+0041 U+0050 U+0049 U+3068 U+0055 U+0052 U+004C U+3092 U+4F7F U+3044 U+307E U+3059 U+3002 U+88FD U+54C1 U+30B3 U+30FC U+30C9 U+306F U+0041 U+0042 U+4E00 U+4E8C U+306B U+0043 U+3055 U+3093 U+3067 U+3059 U+3002 U+30D0 U+30FC U+30B8 U+30E7 U+30F3 U+306F U+0032 U+002E U+0030 U+3067 U+3059 U+3002,45,107,39,0,2,4,0,0,0,45,45,41,41
C04,C04-run01,,result_text,join_with_ascii_space,none,AIとAPIとURLを使います。製品コードはAB一二にCさんです。バージョンは2.0です。,U+0041 U+0049 U+3068 U+0041 U+0050 U+0049 U+3068 U+0055 U+0052 U+004C U+3092 U+4F7F U+3044 U+307E U+3059 U+3002 U+88FD U+54C1 U+30B3 U+30FC U+30C9 U+306F U+0041 U+0042 U+4E00 U+4E8C U+306B U+0043 U+3055 U+3093 U+3067 U+3059 U+3002 U+30D0 U+30FC U+30B8 U+30E7 U+30F3 U+306F U+0032 U+002E U+0030 U+3067 U+3059 U+3002,45,107,39,0,2,4,0,0,0,45,45,41,41
C04,C04-run01,,result_text,join_with_ascii_space,NFC,AIとAPIとURLを使います。製品コードはAB一二にCさんです。バージョンは2.0です。,U+0041 U+0049 U+3068 U+0041 U+0050 U+0049 U+3068 U+0055 U+0052 U+004C U+3092 U+4F7F U+3044 U+307E U+3059 U+3002 U+88FD U+54C1 U+30B3 U+30FC U+30C9 U+306F U+0041 U+0042 U+4E00 U+4E8C U+306B U+0043 U+3055 U+3093 U+3067 U+3059 U+3002 U+30D0 U+30FC U+30B8 U+30E7 U+30F3 U+306F U+0032 U+002E U+0030 U+3067 U+3059 U+3002,45,107,39,0,2,4,0,0,0,45,45,41,41
C04,C04-run01,,result_text,join_with_ascii_space,NFKC,AIとAPIとURLを使います。製品コードはAB一二にCさんです。バージョンは2.0です。,U+0041 U+0049 U+3068 U+0041 U+0050 U+0049 U+3068 U+0055 U+0052 U+004C U+3092 U+4F7F U+3044 U+307E U+3059 U+3002 U+88FD U+54C1 U+30B3 U+30FC U+30C9 U+306F U+0041 U+0042 U+4E00 U+4E8C U+306B U+0043 U+3055 U+3093 U+3067 U+3059 U+3002 U+30D0 U+30FC U+30B8 U+30E7 U+30F3 U+306F U+0032 U+002E U+0030 U+3067 U+3059 U+3002,45,107,39,0,2,4,0,0,0,45,45,41,41
C04,C04-run01,,display_text,concat_without_separator,none,AIとAPIとURLを使います。製品コードはAB一二にCさんです。バージョンは2.0です。,U+0041 U+0049 U+3068 U+0041 U+0050 U+0049 U+3068 U+0055 U+0052 U+004C U+3092 U+4F7F U+3044 U+307E U+3059 U+3002 U+88FD U+54C1 U+30B3 U+30FC U+30C9 U+306F U+0041 U+0042 U+4E00 U+4E8C U+306B U+0043 U+3055 U+3093 U+3067 U+3059 U+3002 U+30D0 U+30FC U+30B8 U+30E7 U+30F3 U+306F U+0032 U+002E U+0030 U+3067 U+3059 U+3002,45,107,39,0,2,4,0,0,0,45,45,41,41
C04,C04-run01,,display_text,concat_without_separator,NFC,AIとAPIとURLを使います。製品コードはAB一二にCさんです。バージョンは2.0です。,U+0041 U+0049 U+3068 U+0041 U+0050 U+0049 U+3068 U+0055 U+0052 U+004C U+3092 U+4F7F U+3044 U+307E U+3059 U+3002 U+88FD U+54C1 U+30B3 U+30FC U+30C9 U+306F U+0041 U+0042 U+4E00 U+4E8C U+306B U+0043 U+3055 U+3093 U+3067 U+3059 U+3002 U+30D0 U+30FC U+30B8 U+30E7 U+30F3 U+306F U+0032 U+002E U+0030 U+3067 U+3059 U+3002,45,107,39,0,2,4,0,0,0,45,45,41,41
C04,C04-run01,,display_text,concat_without_separator,NFKC,AIとAPIとURLを使います。製品コードはAB一二にCさんです。バージョンは2.0です。,U+0041 U+0049 U+3068 U+0041 U+0050 U+0049 U+3068 U+0055 U+0052 U+004C U+3092 U+4F7F U+3044 U+307E U+3059 U+3002 U+88FD U+54C1 U+30B3 U+30FC U+30C9 U+306F U+0041 U+0042 U+4E00 U+4E8C U+306B U+0043 U+3055 U+3093 U+3067 U+3059 U+3002 U+30D0 U+30FC U+30B8 U+30E7 U+30F3 U+306F U+0032 U+002E U+0030 U+3067 U+3059 U+3002,45,107,39,0,2,4,0,0,0,45,45,41,41
C04,C04-run01,,display_text,join_with_ascii_space,none,AIとAPIとURLを使います。製品コードはAB一二にCさんです。バージョンは2.0です。,U+0041 U+0049 U+3068 U+0041 U+0050 U+0049 U+3068 U+0055 U+0052 U+004C U+3092 U+4F7F U+3044 U+307E U+3059 U+3002 U+88FD U+54C1 U+30B3 U+30FC U+30C9 U+306F U+0041 U+0042 U+4E00 U+4E8C U+306B U+0043 U+3055 U+3093 U+3067 U+3059 U+3002 U+30D0 U+30FC U+30B8 U+30E7 U+30F3 U+306F U+0032 U+002E U+0030 U+3067 U+3059 U+3002,45,107,39,0,2,4,0,0,0,45,45,41,41
C04,C04-run01,,display_text,join_with_ascii_space,NFC,AIとAPIとURLを使います。製品コードはAB一二にCさんです。バージョンは2.0です。,U+0041 U+0049 U+3068 U+0041 U+0050 U+0049 U+3068 U+0055 U+0052 U+004C U+3092 U+4F7F U+3044 U+307E U+3059 U+3002 U+88FD U+54C1 U+30B3 U+30FC U+30C9 U+306F U+0041 U+0042 U+4E00 U+4E8C U+306B U+0043 U+3055 U+3093 U+3067 U+3059 U+3002 U+30D0 U+30FC U+30B8 U+30E7 U+30F3 U+306F U+0032 U+002E U+0030 U+3067 U+3059 U+3002,45,107,39,0,2,4,0,0,0,45,45,41,41
C04,C04-run01,,display_text,join_with_ascii_space,NFKC,AIとAPIとURLを使います。製品コードはAB一二にCさんです。バージョンは2.0です。,U+0041 U+0049 U+3068 U+0041 U+0050 U+0049 U+3068 U+0055 U+0052 U+004C U+3092 U+4F7F U+3044 U+307E U+3059 U+3002 U+88FD U+54C1 U+30B3 U+30FC U+30C9 U+306F U+0041 U+0042 U+4E00 U+4E8C U+306B U+0043 U+3055 U+3093 U+3067 U+3059 U+3002 U+30D0 U+30FC U+30B8 U+30E7 U+30F3 U+306F U+0032 U+002E U+0030 U+3067 U+3059 U+3002,45,107,39,0,2,4,0,0,0,45,45,41,41
C04,C04-run01,,nbest_display,concat_without_separator,none,AIとAPIとURLを使います。製品コードはAB一二にCさんです。バージョンは2.0です。,U+0041 U+0049 U+3068 U+0041 U+0050 U+0049 U+3068 U+0055 U+0052 U+004C U+3092 U+4F7F U+3044 U+307E U+3059 U+3002 U+88FD U+54C1 U+30B3 U+30FC U+30C9 U+306F U+0041 U+0042 U+4E00 U+4E8C U+306B U+0043 U+3055 U+3093 U+3067 U+3059 U+3002 U+30D0 U+30FC U+30B8 U+30E7 U+30F3 U+306F U+0032 U+002E U+0030 U+3067 U+3059 U+3002,45,107,39,0,2,4,0,0,0,45,45,41,41
C04,C04-run01,,nbest_display,concat_without_separator,NFC,AIとAPIとURLを使います。製品コードはAB一二にCさんです。バージョンは2.0です。,U+0041 U+0049 U+3068 U+0041 U+0050 U+0049 U+3068 U+0055 U+0052 U+004C U+3092 U+4F7F U+3044 U+307E U+3059 U+3002 U+88FD U+54C1 U+30B3 U+30FC U+30C9 U+306F U+0041 U+0042 U+4E00 U+4E8C U+306B U+0043 U+3055 U+3093 U+3067 U+3059 U+3002 U+30D0 U+30FC U+30B8 U+30E7 U+30F3 U+306F U+0032 U+002E U+0030 U+3067 U+3059 U+3002,45,107,39,0,2,4,0,0,0,45,45,41,41
C04,C04-run01,,nbest_display,concat_without_separator,NFKC,AIとAPIとURLを使います。製品コードはAB一二にCさんです。バージョンは2.0です。,U+0041 U+0049 U+3068 U+0041 U+0050 U+0049 U+3068 U+0055 U+0052 U+004C U+3092 U+4F7F U+3044 U+307E U+3059 U+3002 U+88FD U+54C1 U+30B3 U+30FC U+30C9 U+306F U+0041 U+0042 U+4E00 U+4E8C U+306B U+0043 U+3055 U+3093 U+3067 U+3059 U+3002 U+30D0 U+30FC U+30B8 U+30E7 U+30F3 U+306F U+0032 U+002E U+0030 U+3067 U+3059 U+3002,45,107,39,0,2,4,0,0,0,45,45,41,41
C04,C04-run01,,nbest_display,join_with_ascii_space,none,AIとAPIとURLを使います。製品コードはAB一二にCさんです。バージョンは2.0です。,U+0041 U+0049 U+3068 U+0041 U+0050 U+0049 U+3068 U+0055 U+0052 U+004C U+3092 U+4F7F U+3044 U+307E U+3059 U+3002 U+88FD U+54C1 U+30B3 U+30FC U+30C9 U+306F U+0041 U+0042 U+4E00 U+4E8C U+306B U+0043 U+3055 U+3093 U+3067 U+3059 U+3002 U+30D0 U+30FC U+30B8 U+30E7 U+30F3 U+306F U+0032 U+002E U+0030 U+3067 U+3059 U+3002,45,107,39,0,2,4,0,0,0,45,45,41,41
C04,C04-run01,,nbest_display,join_with_ascii_space,NFC,AIとAPIとURLを使います。製品コードはAB一二にCさんです。バージョンは2.0です。,U+0041 U+0049 U+3068 U+0041 U+0050 U+0049 U+3068 U+0055 U+0052 U+004C U+3092 U+4F7F U+3044 U+307E U+3059 U+3002 U+88FD U+54C1 U+30B3 U+30FC U+30C9 U+306F U+0041 U+0042 U+4E00 U+4E8C U+306B U+0043 U+3055 U+3093 U+3067 U+3059 U+3002 U+30D0 U+30FC U+30B8 U+30E7 U+30F3 U+306F U+0032 U+002E U+0030 U+3067 U+3059 U+3002,45,107,39,0,2,4,0,0,0,45,45,41,41
C04,C04-run01,,nbest_display,join_with_ascii_space,NFKC,AIとAPIとURLを使います。製品コードはAB一二にCさんです。バージョンは2.0です。,U+0041 U+0049 U+3068 U+0041 U+0050 U+0049 U+3068 U+0055 U+0052 U+004C U+3092 U+4F7F U+3044 U+307E U+3059 U+3002 U+88FD U+54C1 U+30B3 U+30FC U+30C9 U+306F U+0041 U+0042 U+4E00 U+4E8C U+306B U+0043 U+3055 U+3093 U+3067 U+3059 U+3002 U+30D0 U+30FC U+30B8 U+30E7 U+30F3 U+306F U+0032 U+002E U+0030 U+3067 U+3059 U+3002,45,107,39,0,2,4,0,0,0,45,45,41,41
C04,C04-run01,,lexical,concat_without_separator,none,ai と api と url を 使 います 製品 コード は ab 一二 に c さんです バージョン は 二 点 ゼロ です,U+0061 U+0069 U+0020 U+3068 U+0020 U+0061 U+0070 U+0069 U+0020 U+3068 U+0020 U+0075 U+0072 U+006C U+0020 U+3092 U+0020 U+4F7F U+0020 U+3044 U+307E U+3059 U+0020 U+88FD U+54C1 U+0020 U+30B3 U+30FC U+30C9 U+0020 U+306F U+0020 U+0061 U+0062 U+0020 U+4E00 U+4E8C U+0020 U+306B U+0020 U+0063 U+0020 U+3055 U+3093 U+3067 U+3059 U+0020 U+30D0 U+30FC U+30B8 U+30E7 U+30F3 U+0020 U+306F U+0020 U+4E8C U+0020 U+70B9 U+0020 U+30BC U+30ED U+0020 U+3067 U+3059,64,128,43,0,0,0,0,21,0,64,43,64,43
C04,C04-run01,,lexical,concat_without_separator,NFC,ai と api と url を 使 います 製品 コード は ab 一二 に c さんです バージョン は 二 点 ゼロ です,U+0061 U+0069 U+0020 U+3068 U+0020 U+0061 U+0070 U+0069 U+0020 U+3068 U+0020 U+0075 U+0072 U+006C U+0020 U+3092 U+0020 U+4F7F U+0020 U+3044 U+307E U+3059 U+0020 U+88FD U+54C1 U+0020 U+30B3 U+30FC U+30C9 U+0020 U+306F U+0020 U+0061 U+0062 U+0020 U+4E00 U+4E8C U+0020 U+306B U+0020 U+0063 U+0020 U+3055 U+3093 U+3067 U+3059 U+0020 U+30D0 U+30FC U+30B8 U+30E7 U+30F3 U+0020 U+306F U+0020 U+4E8C U+0020 U+70B9 U+0020 U+30BC U+30ED U+0020 U+3067 U+3059,64,128,43,0,0,0,0,21,0,64,43,64,43
C04,C04-run01,,lexical,concat_without_separator,NFKC,ai と api と url を 使 います 製品 コード は ab 一二 に c さんです バージョン は 二 点 ゼロ です,U+0061 U+0069 U+0020 U+3068 U+0020 U+0061 U+0070 U+0069 U+0020 U+3068 U+0020 U+0075 U+0072 U+006C U+0020 U+3092 U+0020 U+4F7F U+0020 U+3044 U+307E U+3059 U+0020 U+88FD U+54C1 U+0020 U+30B3 U+30FC U+30C9 U+0020 U+306F U+0020 U+0061 U+0062 U+0020 U+4E00 U+4E8C U+0020 U+306B U+0020 U+0063 U+0020 U+3055 U+3093 U+3067 U+3059 U+0020 U+30D0 U+30FC U+30B8 U+30E7 U+30F3 U+0020 U+306F U+0020 U+4E8C U+0020 U+70B9 U+0020 U+30BC U+30ED U+0020 U+3067 U+3059,64,128,43,0,0,0,0,21,0,64,43,64,43
C04,C04-run01,,lexical,join_with_ascii_space,none,ai と api と url を 使 います 製品 コード は ab 一二 に c さんです バージョン は 二 点 ゼロ です,U+0061 U+0069 U+0020 U+3068 U+0020 U+0061 U+0070 U+0069 U+0020 U+3068 U+0020 U+0075 U+0072 U+006C U+0020 U+3092 U+0020 U+4F7F U+0020 U+3044 U+307E U+3059 U+0020 U+88FD U+54C1 U+0020 U+30B3 U+30FC U+30C9 U+0020 U+306F U+0020 U+0061 U+0062 U+0020 U+4E00 U+4E8C U+0020 U+306B U+0020 U+0063 U+0020 U+3055 U+3093 U+3067 U+3059 U+0020 U+30D0 U+30FC U+30B8 U+30E7 U+30F3 U+0020 U+306F U+0020 U+4E8C U+0020 U+70B9 U+0020 U+30BC U+30ED U+0020 U+3067 U+3059,64,128,43,0,0,0,0,21,0,64,43,64,43
C04,C04-run01,,lexical,join_with_ascii_space,NFC,ai と api と url を 使 います 製品 コード は ab 一二 に c さんです バージョン は 二 点 ゼロ です,U+0061 U+0069 U+0020 U+3068 U+0020 U+0061 U+0070 U+0069 U+0020 U+3068 U+0020 U+0075 U+0072 U+006C U+0020 U+3092 U+0020 U+4F7F U+0020 U+3044 U+307E U+3059 U+0020 U+88FD U+54C1 U+0020 U+30B3 U+30FC U+30C9 U+0020 U+306F U+0020 U+0061 U+0062 U+0020 U+4E00 U+4E8C U+0020 U+306B U+0020 U+0063 U+0020 U+3055 U+3093 U+3067 U+3059 U+0020 U+30D0 U+30FC U+30B8 U+30E7 U+30F3 U+0020 U+306F U+0020 U+4E8C U+0020 U+70B9 U+0020 U+30BC U+30ED U+0020 U+3067 U+3059,64,128,43,0,0,0,0,21,0,64,43,64,43
C04,C04-run01,,lexical,join_with_ascii_space,NFKC,ai と api と url を 使 います 製品 コード は ab 一二 に c さんです バージョン は 二 点 ゼロ です,U+0061 U+0069 U+0020 U+3068 U+0020 U+0061 U+0070 U+0069 U+0020 U+3068 U+0020 U+0075 U+0072 U+006C U+0020 U+3092 U+0020 U+4F7F U+0020 U+3044 U+307E U+3059 U+0020 U+88FD U+54C1 U+0020 U+30B3 U+30FC U+30C9 U+0020 U+306F U+0020 U+0061 U+0062 U+0020 U+4E00 U+4E8C U+0020 U+306B U+0020 U+0063 U+0020 U+3055 U+3093 U+3067 U+3059 U+0020 U+30D0 U+30FC U+30B8 U+30E7 U+30F3 U+0020 U+306F U+0020 U+4E8C U+0020 U+70B9 U+0020 U+30BC U+30ED U+0020 U+3067 U+3059,64,128,43,0,0,0,0,21,0,64,43,64,43
C04,C04-run01,,itn,concat_without_separator,none,ai と api と url を 使 います 製品 コード は ab 一二 に c さんです バージョン は 2.0 です,U+0061 U+0069 U+0020 U+3068 U+0020 U+0061 U+0070 U+0069 U+0020 U+3068 U+0020 U+0075 U+0072 U+006C U+0020 U+3092 U+0020 U+4F7F U+0020 U+3044 U+307E U+3059 U+0020 U+88FD U+54C1 U+0020 U+30B3 U+30FC U+30C9 U+0020 U+306F U+0020 U+0061 U+0062 U+0020 U+4E00 U+4E8C U+0020 U+306B U+0020 U+0063 U+0020 U+3055 U+3093 U+3067 U+3059 U+0020 U+30D0 U+30FC U+30B8 U+30E7 U+30F3 U+0020 U+306F U+0020 U+0032 U+002E U+0030 U+0020 U+3067 U+3059,61,117,39,0,2,1,0,19,0,61,42,60,41
C04,C04-run01,,itn,concat_without_separator,NFC,ai と api と url を 使 います 製品 コード は ab 一二 に c さんです バージョン は 2.0 です,U+0061 U+0069 U+0020 U+3068 U+0020 U+0061 U+0070 U+0069 U+0020 U+3068 U+0020 U+0075 U+0072 U+006C U+0020 U+3092 U+0020 U+4F7F U+0020 U+3044 U+307E U+3059 U+0020 U+88FD U+54C1 U+0020 U+30B3 U+30FC U+30C9 U+0020 U+306F U+0020 U+0061 U+0062 U+0020 U+4E00 U+4E8C U+0020 U+306B U+0020 U+0063 U+0020 U+3055 U+3093 U+3067 U+3059 U+0020 U+30D0 U+30FC U+30B8 U+30E7 U+30F3 U+0020 U+306F U+0020 U+0032 U+002E U+0030 U+0020 U+3067 U+3059,61,117,39,0,2,1,0,19,0,61,42,60,41
C04,C04-run01,,itn,concat_without_separator,NFKC,ai と api と url を 使 います 製品 コード は ab 一二 に c さんです バージョン は 2.0 です,U+0061 U+0069 U+0020 U+3068 U+0020 U+0061 U+0070 U+0069 U+0020 U+3068 U+0020 U+0075 U+0072 U+006C U+0020 U+3092 U+0020 U+4F7F U+0020 U+3044 U+307E U+3059 U+0020 U+88FD U+54C1 U+0020 U+30B3 U+30FC U+30C9 U+0020 U+306F U+0020 U+0061 U+0062 U+0020 U+4E00 U+4E8C U+0020 U+306B U+0020 U+0063 U+0020 U+3055 U+3093 U+3067 U+3059 U+0020 U+30D0 U+30FC U+30B8 U+30E7 U+30F3 U+0020 U+306F U+0020 U+0032 U+002E U+0030 U+0020 U+3067 U+3059,61,117,39,0,2,1,0,19,0,61,42,60,41
C04,C04-run01,,itn,join_with_ascii_space,none,ai と api と url を 使 います 製品 コード は ab 一二 に c さんです バージョン は 2.0 です,U+0061 U+0069 U+0020 U+3068 U+0020 U+0061 U+0070 U+0069 U+0020 U+3068 U+0020 U+0075 U+0072 U+006C U+0020 U+3092 U+0020 U+4F7F U+0020 U+3044 U+307E U+3059 U+0020 U+88FD U+54C1 U+0020 U+30B3 U+30FC U+30C9 U+0020 U+306F U+0020 U+0061 U+0062 U+0020 U+4E00 U+4E8C U+0020 U+306B U+0020 U+0063 U+0020 U+3055 U+3093 U+3067 U+3059 U+0020 U+30D0 U+30FC U+30B8 U+30E7 U+30F3 U+0020 U+306F U+0020 U+0032 U+002E U+0030 U+0020 U+3067 U+3059,61,117,39,0,2,1,0,19,0,61,42,60,41
C04,C04-run01,,itn,join_with_ascii_space,NFC,ai と api と url を 使 います 製品 コード は ab 一二 に c さんです バージョン は 2.0 です,U+0061 U+0069 U+0020 U+3068 U+0020 U+0061 U+0070 U+0069 U+0020 U+3068 U+0020 U+0075 U+0072 U+006C U+0020 U+3092 U+0020 U+4F7F U+0020 U+3044 U+307E U+3059 U+0020 U+88FD U+54C1 U+0020 U+30B3 U+30FC U+30C9 U+0020 U+306F U+0020 U+0061 U+0062 U+0020 U+4E00 U+4E8C U+0020 U+306B U+0020 U+0063 U+0020 U+3055 U+3093 U+3067 U+3059 U+0020 U+30D0 U+30FC U+30B8 U+30E7 U+30F3 U+0020 U+306F U+0020 U+0032 U+002E U+0030 U+0020 U+3067 U+3059,61,117,39,0,2,1,0,19,0,61,42,60,41
C04,C04-run01,,itn,join_with_ascii_space,NFKC,ai と api と url を 使 います 製品 コード は ab 一二 に c さんです バージョン は 2.0 です,U+0061 U+0069 U+0020 U+3068 U+0020 U+0061 U+0070 U+0069 U+0020 U+3068 U+0020 U+0075 U+0072 U+006C U+0020 U+3092 U+0020 U+4F7F U+0020 U+3044 U+307E U+3059 U+0020 U+88FD U+54C1 U+0020 U+30B3 U+30FC U+30C9 U+0020 U+306F U+0020 U+0061 U+0062 U+0020 U+4E00 U+4E8C U+0020 U+306B U+0020 U+0063 U+0020 U+3055 U+3093 U+3067 U+3059 U+0020 U+30D0 U+30FC U+30B8 U+30E7 U+30F3 U+0020 U+306F U+0020 U+0032 U+002E U+0030 U+0020 U+3067 U+3059,61,117,39,0,2,1,0,19,0,61,42,60,41
C04,C04-run01,,masked_itn,concat_without_separator,none,aiとapiとurlを使います製品コードはab一二にcさんですバージョンは2.0です,U+0061 U+0069 U+3068 U+0061 U+0070 U+0069 U+3068 U+0075 U+0072 U+006C U+3092 U+4F7F U+3044 U+307E U+3059 U+88FD U+54C1 U+30B3 U+30FC U+30C9 U+306F U+0061 U+0062 U+4E00 U+4E8C U+306B U+0063 U+3055 U+3093 U+3067 U+3059 U+30D0 U+30FC U+30B8 U+30E7 U+30F3 U+306F U+0032 U+002E U+0030 U+3067 U+3059,42,98,39,0,2,1,0,0,0,42,42,41,41
C04,C04-run01,,masked_itn,concat_without_separator,NFC,aiとapiとurlを使います製品コードはab一二にcさんですバージョンは2.0です,U+0061 U+0069 U+3068 U+0061 U+0070 U+0069 U+3068 U+0075 U+0072 U+006C U+3092 U+4F7F U+3044 U+307E U+3059 U+88FD U+54C1 U+30B3 U+30FC U+30C9 U+306F U+0061 U+0062 U+4E00 U+4E8C U+306B U+0063 U+3055 U+3093 U+3067 U+3059 U+30D0 U+30FC U+30B8 U+30E7 U+30F3 U+306F U+0032 U+002E U+0030 U+3067 U+3059,42,98,39,0,2,1,0,0,0,42,42,41,41
C04,C04-run01,,masked_itn,concat_without_separator,NFKC,aiとapiとurlを使います製品コードはab一二にcさんですバージョンは2.0です,U+0061 U+0069 U+3068 U+0061 U+0070 U+0069 U+3068 U+0075 U+0072 U+006C U+3092 U+4F7F U+3044 U+307E U+3059 U+88FD U+54C1 U+30B3 U+30FC U+30C9 U+306F U+0061 U+0062 U+4E00 U+4E8C U+306B U+0063 U+3055 U+3093 U+3067 U+3059 U+30D0 U+30FC U+30B8 U+30E7 U+30F3 U+306F U+0032 U+002E U+0030 U+3067 U+3059,42,98,39,0,2,1,0,0,0,42,42,41,41
C04,C04-run01,,masked_itn,join_with_ascii_space,none,aiとapiとurlを使います製品コードはab一二にcさんですバージョンは2.0です,U+0061 U+0069 U+3068 U+0061 U+0070 U+0069 U+3068 U+0075 U+0072 U+006C U+3092 U+4F7F U+3044 U+307E U+3059 U+88FD U+54C1 U+30B3 U+30FC U+30C9 U+306F U+0061 U+0062 U+4E00 U+4E8C U+306B U+0063 U+3055 U+3093 U+3067 U+3059 U+30D0 U+30FC U+30B8 U+30E7 U+30F3 U+306F U+0032 U+002E U+0030 U+3067 U+3059,42,98,39,0,2,1,0,0,0,42,42,41,41
C04,C04-run01,,masked_itn,join_with_ascii_space,NFC,aiとapiとurlを使います製品コードはab一二にcさんですバージョンは2.0です,U+0061 U+0069 U+3068 U+0061 U+0070 U+0069 U+3068 U+0075 U+0072 U+006C U+3092 U+4F7F U+3044 U+307E U+3059 U+88FD U+54C1 U+30B3 U+30FC U+30C9 U+306F U+0061 U+0062 U+4E00 U+4E8C U+306B U+0063 U+3055 U+3093 U+3067 U+3059 U+30D0 U+30FC U+30B8 U+30E7 U+30F3 U+306F U+0032 U+002E U+0030 U+3067 U+3059,42,98,39,0,2,1,0,0,0,42,42,41,41
C04,C04-run01,,masked_itn,join_with_ascii_space,NFKC,aiとapiとurlを使います製品コードはab一二にcさんですバージョンは2.0です,U+0061 U+0069 U+3068 U+0061 U+0070 U+0069 U+3068 U+0075 U+0072 U+006C U+3092 U+4F7F U+3044 U+307E U+3059 U+88FD U+54C1 U+30B3 U+30FC U+30C9 U+306F U+0061 U+0062 U+4E00 U+4E8C U+306B U+0063 U+3055 U+3093 U+3067 U+3059 U+30D0 U+30FC U+30B8 U+30E7 U+30F3 U+306F U+0032 U+002E U+0030 U+3067 U+3059,42,98,39,0,2,1,0,0,0,42,42,41,41
C05,C05-run01,0,result_text,segment,none,A+B=Cです。進捗は100%です。,U+0041 U+002B U+0042 U+003D U+0043 U+3067 U+3059 U+3002 U+9032 U+6357 U+306F U+0031 U+0030 U+0030 U+0025 U+3067 U+3059 U+3002,18,36,10,0,3,3,2,0,0,18,18,15,15
C05,C05-run01,0,result_text,segment,NFC,A+B=Cです。進捗は100%です。,U+0041 U+002B U+0042 U+003D U+0043 U+3067 U+3059 U+3002 U+9032 U+6357 U+306F U+0031 U+0030 U+0030 U+0025 U+3067 U+3059 U+3002,18,36,10,0,3,3,2,0,0,18,18,15,15
C05,C05-run01,0,result_text,segment,NFKC,A+B=Cです。進捗は100%です。,U+0041 U+002B U+0042 U+003D U+0043 U+3067 U+3059 U+3002 U+9032 U+6357 U+306F U+0031 U+0030 U+0030 U+0025 U+3067 U+3059 U+3002,18,36,10,0,3,3,2,0,0,18,18,15,15
C05,C05-run01,0,display_text,segment,none,A+B=Cです。進捗は100%です。,U+0041 U+002B U+0042 U+003D U+0043 U+3067 U+3059 U+3002 U+9032 U+6357 U+306F U+0031 U+0030 U+0030 U+0025 U+3067 U+3059 U+3002,18,36,10,0,3,3,2,0,0,18,18,15,15
C05,C05-run01,0,display_text,segment,NFC,A+B=Cです。進捗は100%です。,U+0041 U+002B U+0042 U+003D U+0043 U+3067 U+3059 U+3002 U+9032 U+6357 U+306F U+0031 U+0030 U+0030 U+0025 U+3067 U+3059 U+3002,18,36,10,0,3,3,2,0,0,18,18,15,15
C05,C05-run01,0,display_text,segment,NFKC,A+B=Cです。進捗は100%です。,U+0041 U+002B U+0042 U+003D U+0043 U+3067 U+3059 U+3002 U+9032 U+6357 U+306F U+0031 U+0030 U+0030 U+0025 U+3067 U+3059 U+3002,18,36,10,0,3,3,2,0,0,18,18,15,15
C05,C05-run01,0,nbest_display,segment,none,A+B=Cです。進捗は100%です。,U+0041 U+002B U+0042 U+003D U+0043 U+3067 U+3059 U+3002 U+9032 U+6357 U+306F U+0031 U+0030 U+0030 U+0025 U+3067 U+3059 U+3002,18,36,10,0,3,3,2,0,0,18,18,15,15
C05,C05-run01,0,nbest_display,segment,NFC,A+B=Cです。進捗は100%です。,U+0041 U+002B U+0042 U+003D U+0043 U+3067 U+3059 U+3002 U+9032 U+6357 U+306F U+0031 U+0030 U+0030 U+0025 U+3067 U+3059 U+3002,18,36,10,0,3,3,2,0,0,18,18,15,15
C05,C05-run01,0,nbest_display,segment,NFKC,A+B=Cです。進捗は100%です。,U+0041 U+002B U+0042 U+003D U+0043 U+3067 U+3059 U+3002 U+9032 U+6357 U+306F U+0031 U+0030 U+0030 U+0025 U+3067 U+3059 U+3002,18,36,10,0,3,3,2,0,0,18,18,15,15
C05,C05-run01,0,lexical,segment,none,a プラス b イコール c です 進捗 は 百 パーセント です,U+0061 U+0020 U+30D7 U+30E9 U+30B9 U+0020 U+0062 U+0020 U+30A4 U+30B3 U+30FC U+30EB U+0020 U+0063 U+0020 U+3067 U+3059 U+0020 U+9032 U+6357 U+0020 U+306F U+0020 U+767E U+0020 U+30D1 U+30FC U+30BB U+30F3 U+30C8 U+0020 U+3067 U+3059,33,73,23,0,0,0,0,10,0,33,23,33,23
C05,C05-run01,0,lexical,segment,NFC,a プラス b イコール c です 進捗 は 百 パーセント です,U+0061 U+0020 U+30D7 U+30E9 U+30B9 U+0020 U+0062 U+0020 U+30A4 U+30B3 U+30FC U+30EB U+0020 U+0063 U+0020 U+3067 U+3059 U+0020 U+9032 U+6357 U+0020 U+306F U+0020 U+767E U+0020 U+30D1 U+30FC U+30BB U+30F3 U+30C8 U+0020 U+3067 U+3059,33,73,23,0,0,0,0,10,0,33,23,33,23
C05,C05-run01,0,lexical,segment,NFKC,a プラス b イコール c です 進捗 は 百 パーセント です,U+0061 U+0020 U+30D7 U+30E9 U+30B9 U+0020 U+0062 U+0020 U+30A4 U+30B3 U+30FC U+30EB U+0020 U+0063 U+0020 U+3067 U+3059 U+0020 U+9032 U+6357 U+0020 U+306F U+0020 U+767E U+0020 U+30D1 U+30FC U+30BB U+30F3 U+30C8 U+0020 U+3067 U+3059,33,73,23,0,0,0,0,10,0,33,23,33,23
C05,C05-run01,0,itn,segment,none,A+B=C です 進捗 は 100% です,U+0041 U+002B U+0042 U+003D U+0043 U+0020 U+3067 U+3059 U+0020 U+9032 U+6357 U+0020 U+306F U+0020 U+0031 U+0030 U+0030 U+0025 U+0020 U+3067 U+3059,21,35,10,0,3,1,2,5,0,21,16,20,15
C05,C05-run01,0,itn,segment,NFC,A+B=C です 進捗 は 100% です,U+0041 U+002B U+0042 U+003D U+0043 U+0020 U+3067 U+3059 U+0020 U+9032 U+6357 U+0020 U+306F U+0020 U+0031 U+0030 U+0030 U+0025 U+0020 U+3067 U+3059,21,35,10,0,3,1,2,5,0,21,16,20,15
C05,C05-run01,0,itn,segment,NFKC,A+B=C です 進捗 は 100% です,U+0041 U+002B U+0042 U+003D U+0043 U+0020 U+3067 U+3059 U+0020 U+9032 U+6357 U+0020 U+306F U+0020 U+0031 U+0030 U+0030 U+0025 U+0020 U+3067 U+3059,21,35,10,0,3,1,2,5,0,21,16,20,15
C05,C05-run01,0,masked_itn,segment,none,a+b=cです進捗は100%です,U+0061 U+002B U+0062 U+003D U+0063 U+3067 U+3059 U+9032 U+6357 U+306F U+0031 U+0030 U+0030 U+0025 U+3067 U+3059,16,30,10,0,3,1,2,0,0,16,16,15,15
C05,C05-run01,0,masked_itn,segment,NFC,a+b=cです進捗は100%です,U+0061 U+002B U+0062 U+003D U+0063 U+3067 U+3059 U+9032 U+6357 U+306F U+0031 U+0030 U+0030 U+0025 U+3067 U+3059,16,30,10,0,3,1,2,0,0,16,16,15,15
C05,C05-run01,0,masked_itn,segment,NFKC,a+b=cです進捗は100%です,U+0061 U+002B U+0062 U+003D U+0063 U+3067 U+3059 U+9032 U+6357 U+306F U+0031 U+0030 U+0030 U+0025 U+3067 U+3059,16,30,10,0,3,1,2,0,0,16,16,15,15
C05,C05-run01,,result_text,concat_without_separator,none,A+B=Cです。進捗は100%です。,U+0041 U+002B U+0042 U+003D U+0043 U+3067 U+3059 U+3002 U+9032 U+6357 U+306F U+0031 U+0030 U+0030 U+0025 U+3067 U+3059 U+3002,18,36,10,0,3,3,2,0,0,18,18,15,15
C05,C05-run01,,result_text,concat_without_separator,NFC,A+B=Cです。進捗は100%です。,U+0041 U+002B U+0042 U+003D U+0043 U+3067 U+3059 U+3002 U+9032 U+6357 U+306F U+0031 U+0030 U+0030 U+0025 U+3067 U+3059 U+3002,18,36,10,0,3,3,2,0,0,18,18,15,15
C05,C05-run01,,result_text,concat_without_separator,NFKC,A+B=Cです。進捗は100%です。,U+0041 U+002B U+0042 U+003D U+0043 U+3067 U+3059 U+3002 U+9032 U+6357 U+306F U+0031 U+0030 U+0030 U+0025 U+3067 U+3059 U+3002,18,36,10,0,3,3,2,0,0,18,18,15,15
C05,C05-run01,,result_text,join_with_ascii_space,none,A+B=Cです。進捗は100%です。,U+0041 U+002B U+0042 U+003D U+0043 U+3067 U+3059 U+3002 U+9032 U+6357 U+306F U+0031 U+0030 U+0030 U+0025 U+3067 U+3059 U+3002,18,36,10,0,3,3,2,0,0,18,18,15,15
C05,C05-run01,,result_text,join_with_ascii_space,NFC,A+B=Cです。進捗は100%です。,U+0041 U+002B U+0042 U+003D U+0043 U+3067 U+3059 U+3002 U+9032 U+6357 U+306F U+0031 U+0030 U+0030 U+0025 U+3067 U+3059 U+3002,18,36,10,0,3,3,2,0,0,18,18,15,15
C05,C05-run01,,result_text,join_with_ascii_space,NFKC,A+B=Cです。進捗は100%です。,U+0041 U+002B U+0042 U+003D U+0043 U+3067 U+3059 U+3002 U+9032 U+6357 U+306F U+0031 U+0030 U+0030 U+0025 U+3067 U+3059 U+3002,18,36,10,0,3,3,2,0,0,18,18,15,15
C05,C05-run01,,display_text,concat_without_separator,none,A+B=Cです。進捗は100%です。,U+0041 U+002B U+0042 U+003D U+0043 U+3067 U+3059 U+3002 U+9032 U+6357 U+306F U+0031 U+0030 U+0030 U+0025 U+3067 U+3059 U+3002,18,36,10,0,3,3,2,0,0,18,18,15,15
C05,C05-run01,,display_text,concat_without_separator,NFC,A+B=Cです。進捗は100%です。,U+0041 U+002B U+0042 U+003D U+0043 U+3067 U+3059 U+3002 U+9032 U+6357 U+306F U+0031 U+0030 U+0030 U+0025 U+3067 U+3059 U+3002,18,36,10,0,3,3,2,0,0,18,18,15,15
C05,C05-run01,,display_text,concat_without_separator,NFKC,A+B=Cです。進捗は100%です。,U+0041 U+002B U+0042 U+003D U+0043 U+3067 U+3059 U+3002 U+9032 U+6357 U+306F U+0031 U+0030 U+0030 U+0025 U+3067 U+3059 U+3002,18,36,10,0,3,3,2,0,0,18,18,15,15
C05,C05-run01,,display_text,join_with_ascii_space,none,A+B=Cです。進捗は100%です。,U+0041 U+002B U+0042 U+003D U+0043 U+3067 U+3059 U+3002 U+9032 U+6357 U+306F U+0031 U+0030 U+0030 U+0025 U+3067 U+3059 U+3002,18,36,10,0,3,3,2,0,0,18,18,15,15
C05,C05-run01,,display_text,join_with_ascii_space,NFC,A+B=Cです。進捗は100%です。,U+0041 U+002B U+0042 U+003D U+0043 U+3067 U+3059 U+3002 U+9032 U+6357 U+306F U+0031 U+0030 U+0030 U+0025 U+3067 U+3059 U+3002,18,36,10,0,3,3,2,0,0,18,18,15,15
C05,C05-run01,,display_text,join_with_ascii_space,NFKC,A+B=Cです。進捗は100%です。,U+0041 U+002B U+0042 U+003D U+0043 U+3067 U+3059 U+3002 U+9032 U+6357 U+306F U+0031 U+0030 U+0030 U+0025 U+3067 U+3059 U+3002,18,36,10,0,3,3,2,0,0,18,18,15,15
C05,C05-run01,,nbest_display,concat_without_separator,none,A+B=Cです。進捗は100%です。,U+0041 U+002B U+0042 U+003D U+0043 U+3067 U+3059 U+3002 U+9032 U+6357 U+306F U+0031 U+0030 U+0030 U+0025 U+3067 U+3059 U+3002,18,36,10,0,3,3,2,0,0,18,18,15,15
C05,C05-run01,,nbest_display,concat_without_separator,NFC,A+B=Cです。進捗は100%です。,U+0041 U+002B U+0042 U+003D U+0043 U+3067 U+3059 U+3002 U+9032 U+6357 U+306F U+0031 U+0030 U+0030 U+0025 U+3067 U+3059 U+3002,18,36,10,0,3,3,2,0,0,18,18,15,15
C05,C05-run01,,nbest_display,concat_without_separator,NFKC,A+B=Cです。進捗は100%です。,U+0041 U+002B U+0042 U+003D U+0043 U+3067 U+3059 U+3002 U+9032 U+6357 U+306F U+0031 U+0030 U+0030 U+0025 U+3067 U+3059 U+3002,18,36,10,0,3,3,2,0,0,18,18,15,15
C05,C05-run01,,nbest_display,join_with_ascii_space,none,A+B=Cです。進捗は100%です。,U+0041 U+002B U+0042 U+003D U+0043 U+3067 U+3059 U+3002 U+9032 U+6357 U+306F U+0031 U+0030 U+0030 U+0025 U+3067 U+3059 U+3002,18,36,10,0,3,3,2,0,0,18,18,15,15
C05,C05-run01,,nbest_display,join_with_ascii_space,NFC,A+B=Cです。進捗は100%です。,U+0041 U+002B U+0042 U+003D U+0043 U+3067 U+3059 U+3002 U+9032 U+6357 U+306F U+0031 U+0030 U+0030 U+0025 U+3067 U+3059 U+3002,18,36,10,0,3,3,2,0,0,18,18,15,15
C05,C05-run01,,nbest_display,join_with_ascii_space,NFKC,A+B=Cです。進捗は100%です。,U+0041 U+002B U+0042 U+003D U+0043 U+3067 U+3059 U+3002 U+9032 U+6357 U+306F U+0031 U+0030 U+0030 U+0025 U+3067 U+3059 U+3002,18,36,10,0,3,3,2,0,0,18,18,15,15
C05,C05-run01,,lexical,concat_without_separator,none,a プラス b イコール c です 進捗 は 百 パーセント です,U+0061 U+0020 U+30D7 U+30E9 U+30B9 U+0020 U+0062 U+0020 U+30A4 U+30B3 U+30FC U+30EB U+0020 U+0063 U+0020 U+3067 U+3059 U+0020 U+9032 U+6357 U+0020 U+306F U+0020 U+767E U+0020 U+30D1 U+30FC U+30BB U+30F3 U+30C8 U+0020 U+3067 U+3059,33,73,23,0,0,0,0,10,0,33,23,33,23
C05,C05-run01,,lexical,concat_without_separator,NFC,a プラス b イコール c です 進捗 は 百 パーセント です,U+0061 U+0020 U+30D7 U+30E9 U+30B9 U+0020 U+0062 U+0020 U+30A4 U+30B3 U+30FC U+30EB U+0020 U+0063 U+0020 U+3067 U+3059 U+0020 U+9032 U+6357 U+0020 U+306F U+0020 U+767E U+0020 U+30D1 U+30FC U+30BB U+30F3 U+30C8 U+0020 U+3067 U+3059,33,73,23,0,0,0,0,10,0,33,23,33,23
C05,C05-run01,,lexical,concat_without_separator,NFKC,a プラス b イコール c です 進捗 は 百 パーセント です,U+0061 U+0020 U+30D7 U+30E9 U+30B9 U+0020 U+0062 U+0020 U+30A4 U+30B3 U+30FC U+30EB U+0020 U+0063 U+0020 U+3067 U+3059 U+0020 U+9032 U+6357 U+0020 U+306F U+0020 U+767E U+0020 U+30D1 U+30FC U+30BB U+30F3 U+30C8 U+0020 U+3067 U+3059,33,73,23,0,0,0,0,10,0,33,23,33,23
C05,C05-run01,,lexical,join_with_ascii_space,none,a プラス b イコール c です 進捗 は 百 パーセント です,U+0061 U+0020 U+30D7 U+30E9 U+30B9 U+0020 U+0062 U+0020 U+30A4 U+30B3 U+30FC U+30EB U+0020 U+0063 U+0020 U+3067 U+3059 U+0020 U+9032 U+6357 U+0020 U+306F U+0020 U+767E U+0020 U+30D1 U+30FC U+30BB U+30F3 U+30C8 U+0020 U+3067 U+3059,33,73,23,0,0,0,0,10,0,33,23,33,23
C05,C05-run01,,lexical,join_with_ascii_space,NFC,a プラス b イコール c です 進捗 は 百 パーセント です,U+0061 U+0020 U+30D7 U+30E9 U+30B9 U+0020 U+0062 U+0020 U+30A4 U+30B3 U+30FC U+30EB U+0020 U+0063 U+0020 U+3067 U+3059 U+0020 U+9032 U+6357 U+0020 U+306F U+0020 U+767E U+0020 U+30D1 U+30FC U+30BB U+30F3 U+30C8 U+0020 U+3067 U+3059,33,73,23,0,0,0,0,10,0,33,23,33,23
C05,C05-run01,,lexical,join_with_ascii_space,NFKC,a プラス b イコール c です 進捗 は 百 パーセント です,U+0061 U+0020 U+30D7 U+30E9 U+30B9 U+0020 U+0062 U+0020 U+30A4 U+30B3 U+30FC U+30EB U+0020 U+0063 U+0020 U+3067 U+3059 U+0020 U+9032 U+6357 U+0020 U+306F U+0020 U+767E U+0020 U+30D1 U+30FC U+30BB U+30F3 U+30C8 U+0020 U+3067 U+3059,33,73,23,0,0,0,0,10,0,33,23,33,23
C05,C05-run01,,itn,concat_without_separator,none,A+B=C です 進捗 は 100% です,U+0041 U+002B U+0042 U+003D U+0043 U+0020 U+3067 U+3059 U+0020 U+9032 U+6357 U+0020 U+306F U+0020 U+0031 U+0030 U+0030 U+0025 U+0020 U+3067 U+3059,21,35,10,0,3,1,2,5,0,21,16,20,15
C05,C05-run01,,itn,concat_without_separator,NFC,A+B=C です 進捗 は 100% です,U+0041 U+002B U+0042 U+003D U+0043 U+0020 U+3067 U+3059 U+0020 U+9032 U+6357 U+0020 U+306F U+0020 U+0031 U+0030 U+0030 U+0025 U+0020 U+3067 U+3059,21,35,10,0,3,1,2,5,0,21,16,20,15
C05,C05-run01,,itn,concat_without_separator,NFKC,A+B=C です 進捗 は 100% です,U+0041 U+002B U+0042 U+003D U+0043 U+0020 U+3067 U+3059 U+0020 U+9032 U+6357 U+0020 U+306F U+0020 U+0031 U+0030 U+0030 U+0025 U+0020 U+3067 U+3059,21,35,10,0,3,1,2,5,0,21,16,20,15
C05,C05-run01,,itn,join_with_ascii_space,none,A+B=C です 進捗 は 100% です,U+0041 U+002B U+0042 U+003D U+0043 U+0020 U+3067 U+3059 U+0020 U+9032 U+6357 U+0020 U+306F U+0020 U+0031 U+0030 U+0030 U+0025 U+0020 U+3067 U+3059,21,35,10,0,3,1,2,5,0,21,16,20,15
C05,C05-run01,,itn,join_with_ascii_space,NFC,A+B=C です 進捗 は 100% です,U+0041 U+002B U+0042 U+003D U+0043 U+0020 U+3067 U+3059 U+0020 U+9032 U+6357 U+0020 U+306F U+0020 U+0031 U+0030 U+0030 U+0025 U+0020 U+3067 U+3059,21,35,10,0,3,1,2,5,0,21,16,20,15
C05,C05-run01,,itn,join_with_ascii_space,NFKC,A+B=C です 進捗 は 100% です,U+0041 U+002B U+0042 U+003D U+0043 U+0020 U+3067 U+3059 U+0020 U+9032 U+6357 U+0020 U+306F U+0020 U+0031 U+0030 U+0030 U+0025 U+0020 U+3067 U+3059,21,35,10,0,3,1,2,5,0,21,16,20,15
C05,C05-run01,,masked_itn,concat_without_separator,none,a+b=cです進捗は100%です,U+0061 U+002B U+0062 U+003D U+0063 U+3067 U+3059 U+9032 U+6357 U+306F U+0031 U+0030 U+0030 U+0025 U+3067 U+3059,16,30,10,0,3,1,2,0,0,16,16,15,15
C05,C05-run01,,masked_itn,concat_without_separator,NFC,a+b=cです進捗は100%です,U+0061 U+002B U+0062 U+003D U+0063 U+3067 U+3059 U+9032 U+6357 U+306F U+0031 U+0030 U+0030 U+0025 U+3067 U+3059,16,30,10,0,3,1,2,0,0,16,16,15,15
C05,C05-run01,,masked_itn,concat_without_separator,NFKC,a+b=cです進捗は100%です,U+0061 U+002B U+0062 U+003D U+0063 U+3067 U+3059 U+9032 U+6357 U+306F U+0031 U+0030 U+0030 U+0025 U+3067 U+3059,16,30,10,0,3,1,2,0,0,16,16,15,15
C05,C05-run01,,masked_itn,join_with_ascii_space,none,a+b=cです進捗は100%です,U+0061 U+002B U+0062 U+003D U+0063 U+3067 U+3059 U+9032 U+6357 U+306F U+0031 U+0030 U+0030 U+0025 U+3067 U+3059,16,30,10,0,3,1,2,0,0,16,16,15,15
C05,C05-run01,,masked_itn,join_with_ascii_space,NFC,a+b=cです進捗は100%です,U+0061 U+002B U+0062 U+003D U+0063 U+3067 U+3059 U+9032 U+6357 U+306F U+0031 U+0030 U+0030 U+0025 U+3067 U+3059,16,30,10,0,3,1,2,0,0,16,16,15,15
C05,C05-run01,,masked_itn,join_with_ascii_space,NFKC,a+b=cです進捗は100%です,U+0061 U+002B U+0062 U+003D U+0063 U+3067 U+3059 U+9032 U+6357 U+306F U+0031 U+0030 U+0030 U+0025 U+3067 U+3059,16,30,10,0,3,1,2,0,0,16,16,15,15
C06,C06-run01,0,result_text,segment,none,ダギニグメモパピプペポtシャツカフェバイオリンABC 123です。,U+30C0 U+30AE U+30CB U+30B0 U+30E1 U+30E2 U+30D1 U+30D4 U+30D7 U+30DA U+30DD U+0074 U+30B7 U+30E3 U+30C4 U+30AB U+30D5 U+30A7 U+30D0 U+30A4 U+30AA U+30EA U+30F3 U+0041 U+0042 U+0043 U+0020 U+0031 U+0032 U+0033 U+3067 U+3059 U+3002,33,83,28,0,3,1,0,1,0,33,32,32,31
C06,C06-run01,0,result_text,segment,NFC,ダギニグメモパピプペポtシャツカフェバイオリンABC 123です。,U+30C0 U+30AE U+30CB U+30B0 U+30E1 U+30E2 U+30D1 U+30D4 U+30D7 U+30DA U+30DD U+0074 U+30B7 U+30E3 U+30C4 U+30AB U+30D5 U+30A7 U+30D0 U+30A4 U+30AA U+30EA U+30F3 U+0041 U+0042 U+0043 U+0020 U+0031 U+0032 U+0033 U+3067 U+3059 U+3002,33,83,28,0,3,1,0,1,0,33,32,32,31
C06,C06-run01,0,result_text,segment,NFKC,ダギニグメモパピプペポtシャツカフェバイオリンABC 123です。,U+30C0 U+30AE U+30CB U+30B0 U+30E1 U+30E2 U+30D1 U+30D4 U+30D7 U+30DA U+30DD U+0074 U+30B7 U+30E3 U+30C4 U+30AB U+30D5 U+30A7 U+30D0 U+30A4 U+30AA U+30EA U+30F3 U+0041 U+0042 U+0043 U+0020 U+0031 U+0032 U+0033 U+3067 U+3059 U+3002,33,83,28,0,3,1,0,1,0,33,32,32,31
C06,C06-run01,0,display_text,segment,none,ダギニグメモパピプペポtシャツカフェバイオリンABC 123です。,U+30C0 U+30AE U+30CB U+30B0 U+30E1 U+30E2 U+30D1 U+30D4 U+30D7 U+30DA U+30DD U+0074 U+30B7 U+30E3 U+30C4 U+30AB U+30D5 U+30A7 U+30D0 U+30A4 U+30AA U+30EA U+30F3 U+0041 U+0042 U+0043 U+0020 U+0031 U+0032 U+0033 U+3067 U+3059 U+3002,33,83,28,0,3,1,0,1,0,33,32,32,31
C06,C06-run01,0,display_text,segment,NFC,ダギニグメモパピプペポtシャツカフェバイオリンABC 123です。,U+30C0 U+30AE U+30CB U+30B0 U+30E1 U+30E2 U+30D1 U+30D4 U+30D7 U+30DA U+30DD U+0074 U+30B7 U+30E3 U+30C4 U+30AB U+30D5 U+30A7 U+30D0 U+30A4 U+30AA U+30EA U+30F3 U+0041 U+0042 U+0043 U+0020 U+0031 U+0032 U+0033 U+3067 U+3059 U+3002,33,83,28,0,3,1,0,1,0,33,32,32,31
C06,C06-run01,0,display_text,segment,NFKC,ダギニグメモパピプペポtシャツカフェバイオリンABC 123です。,U+30C0 U+30AE U+30CB U+30B0 U+30E1 U+30E2 U+30D1 U+30D4 U+30D7 U+30DA U+30DD U+0074 U+30B7 U+30E3 U+30C4 U+30AB U+30D5 U+30A7 U+30D0 U+30A4 U+30AA U+30EA U+30F3 U+0041 U+0042 U+0043 U+0020 U+0031 U+0032 U+0033 U+3067 U+3059 U+3002,33,83,28,0,3,1,0,1,0,33,32,32,31
C06,C06-run01,0,nbest_display,segment,none,ダギニグメモパピプペポtシャツカフェバイオリンABC 123です。,U+30C0 U+30AE U+30CB U+30B0 U+30E1 U+30E2 U+30D1 U+30D4 U+30D7 U+30DA U+30DD U+0074 U+30B7 U+30E3 U+30C4 U+30AB U+30D5 U+30A7 U+30D0 U+30A4 U+30AA U+30EA U+30F3 U+0041 U+0042 U+0043 U+0020 U+0031 U+0032 U+0033 U+3067 U+3059 U+3002,33,83,28,0,3,1,0,1,0,33,32,32,31
C06,C06-run01,0,nbest_display,segment,NFC,ダギニグメモパピプペポtシャツカフェバイオリンABC 123です。,U+30C0 U+30AE U+30CB U+30B0 U+30E1 U+30E2 U+30D1 U+30D4 U+30D7 U+30DA U+30DD U+0074 U+30B7 U+30E3 U+30C4 U+30AB U+30D5 U+30A7 U+30D0 U+30A4 U+30AA U+30EA U+30F3 U+0041 U+0042 U+0043 U+0020 U+0031 U+0032 U+0033 U+3067 U+3059 U+3002,33,83,28,0,3,1,0,1,0,33,32,32,31
C06,C06-run01,0,nbest_display,segment,NFKC,ダギニグメモパピプペポtシャツカフェバイオリンABC 123です。,U+30C0 U+30AE U+30CB U+30B0 U+30E1 U+30E2 U+30D1 U+30D4 U+30D7 U+30DA U+30DD U+0074 U+30B7 U+30E3 U+30C4 U+30AB U+30D5 U+30A7 U+30D0 U+30A4 U+30AA U+30EA U+30F3 U+0041 U+0042 U+0043 U+0020 U+0031 U+0032 U+0033 U+3067 U+3059 U+3002,33,83,28,0,3,1,0,1,0,33,32,32,31
C06,C06-run01,0,lexical,segment,none,ダギ ニ グ メモ パピプペポ t シャツ カフェ バイオリン abc 一二三 です,U+30C0 U+30AE U+0020 U+30CB U+0020 U+30B0 U+0020 U+30E1 U+30E2 U+0020 U+30D1 U+30D4 U+30D7 U+30DA U+30DD U+0020 U+0074 U+0020 U+30B7 U+30E3 U+30C4 U+0020 U+30AB U+30D5 U+30A7 U+0020 U+30D0 U+30A4 U+30AA U+30EA U+30F3 U+0020 U+0061 U+0062 U+0063 U+0020 U+4E00 U+4E8C U+4E09 U+0020 U+3067 U+3059,42,96,31,0,0,0,0,11,0,42,31,42,31
C06,C06-run01,0,lexical,segment,NFC,ダギ ニ グ メモ パピプペポ t シャツ カフェ バイオリン abc 一二三 です,U+30C0 U+30AE U+0020 U+30CB U+0020 U+30B0 U+0020 U+30E1 U+30E2 U+0020 U+30D1 U+30D4 U+30D7 U+30DA U+30DD U+0020 U+0074 U+0020 U+30B7 U+30E3 U+30C4 U+0020 U+30AB U+30D5 U+30A7 U+0020 U+30D0 U+30A4 U+30AA U+30EA U+30F3 U+0020 U+0061 U+0062 U+0063 U+0020 U+4E00 U+4E8C U+4E09 U+0020 U+3067 U+3059,42,96,31,0,0,0,0,11,0,42,31,42,31
C06,C06-run01,0,lexical,segment,NFKC,ダギ ニ グ メモ パピプペポ t シャツ カフェ バイオリン abc 一二三 です,U+30C0 U+30AE U+0020 U+30CB U+0020 U+30B0 U+0020 U+30E1 U+30E2 U+0020 U+30D1 U+30D4 U+30D7 U+30DA U+30DD U+0020 U+0074 U+0020 U+30B7 U+30E3 U+30C4 U+0020 U+30AB U+30D5 U+30A7 U+0020 U+30D0 U+30A4 U+30AA U+30EA U+30F3 U+0020 U+0061 U+0062 U+0063 U+0020 U+4E00 U+4E8C U+4E09 U+0020 U+3067 U+3059,42,96,31,0,0,0,0,11,0,42,31,42,31
C06,C06-run01,0,itn,segment,none,ダギ ニ グ メモ パピプペポ t シャツ カフェ バイオリン abc 123 です,U+30C0 U+30AE U+0020 U+30CB U+0020 U+30B0 U+0020 U+30E1 U+30E2 U+0020 U+30D1 U+30D4 U+30D7 U+30DA U+30DD U+0020 U+0074 U+0020 U+30B7 U+30E3 U+30C4 U+0020 U+30AB U+30D5 U+30A7 U+0020 U+30D0 U+30A4 U+30AA U+30EA U+30F3 U+0020 U+0061 U+0062 U+0063 U+0020 U+0031 U+0032 U+0033 U+0020 U+3067 U+3059,42,90,28,0,3,0,0,11,0,42,31,42,31
C06,C06-run01,0,itn,segment,NFC,ダギ ニ グ メモ パピプペポ t シャツ カフェ バイオリン abc 123 です,U+30C0 U+30AE U+0020 U+30CB U+0020 U+30B0 U+0020 U+30E1 U+30E2 U+0020 U+30D1 U+30D4 U+30D7 U+30DA U+30DD U+0020 U+0074 U+0020 U+30B7 U+30E3 U+30C4 U+0020 U+30AB U+30D5 U+30A7 U+0020 U+30D0 U+30A4 U+30AA U+30EA U+30F3 U+0020 U+0061 U+0062 U+0063 U+0020 U+0031 U+0032 U+0033 U+0020 U+3067 U+3059,42,90,28,0,3,0,0,11,0,42,31,42,31
C06,C06-run01,0,itn,segment,NFKC,ダギ ニ グ メモ パピプペポ t シャツ カフェ バイオリン abc 123 です,U+30C0 U+30AE U+0020 U+30CB U+0020 U+30B0 U+0020 U+30E1 U+30E2 U+0020 U+30D1 U+30D4 U+30D7 U+30DA U+30DD U+0020 U+0074 U+0020 U+30B7 U+30E3 U+30C4 U+0020 U+30AB U+30D5 U+30A7 U+0020 U+30D0 U+30A4 U+30AA U+30EA U+30F3 U+0020 U+0061 U+0062 U+0063 U+0020 U+0031 U+0032 U+0033 U+0020 U+3067 U+3059,42,90,28,0,3,0,0,11,0,42,31,42,31
C06,C06-run01,0,masked_itn,segment,none,ダギニグメモパピプペポtシャツカフェバイオリンabc 123です,U+30C0 U+30AE U+30CB U+30B0 U+30E1 U+30E2 U+30D1 U+30D4 U+30D7 U+30DA U+30DD U+0074 U+30B7 U+30E3 U+30C4 U+30AB U+30D5 U+30A7 U+30D0 U+30A4 U+30AA U+30EA U+30F3 U+0061 U+0062 U+0063 U+0020 U+0031 U+0032 U+0033 U+3067 U+3059,32,80,28,0,3,0,0,1,0,32,31,32,31
C06,C06-run01,0,masked_itn,segment,NFC,ダギニグメモパピプペポtシャツカフェバイオリンabc 123です,U+30C0 U+30AE U+30CB U+30B0 U+30E1 U+30E2 U+30D1 U+30D4 U+30D7 U+30DA U+30DD U+0074 U+30B7 U+30E3 U+30C4 U+30AB U+30D5 U+30A7 U+30D0 U+30A4 U+30AA U+30EA U+30F3 U+0061 U+0062 U+0063 U+0020 U+0031 U+0032 U+0033 U+3067 U+3059,32,80,28,0,3,0,0,1,0,32,31,32,31
C06,C06-run01,0,masked_itn,segment,NFKC,ダギニグメモパピプペポtシャツカフェバイオリンabc 123です,U+30C0 U+30AE U+30CB U+30B0 U+30E1 U+30E2 U+30D1 U+30D4 U+30D7 U+30DA U+30DD U+0074 U+30B7 U+30E3 U+30C4 U+30AB U+30D5 U+30A7 U+30D0 U+30A4 U+30AA U+30EA U+30F3 U+0061 U+0062 U+0063 U+0020 U+0031 U+0032 U+0033 U+3067 U+3059,32,80,28,0,3,0,0,1,0,32,31,32,31
C06,C06-run01,,result_text,concat_without_separator,none,ダギニグメモパピプペポtシャツカフェバイオリンABC 123です。,U+30C0 U+30AE U+30CB U+30B0 U+30E1 U+30E2 U+30D1 U+30D4 U+30D7 U+30DA U+30DD U+0074 U+30B7 U+30E3 U+30C4 U+30AB U+30D5 U+30A7 U+30D0 U+30A4 U+30AA U+30EA U+30F3 U+0041 U+0042 U+0043 U+0020 U+0031 U+0032 U+0033 U+3067 U+3059 U+3002,33,83,28,0,3,1,0,1,0,33,32,32,31
C06,C06-run01,,result_text,concat_without_separator,NFC,ダギニグメモパピプペポtシャツカフェバイオリンABC 123です。,U+30C0 U+30AE U+30CB U+30B0 U+30E1 U+30E2 U+30D1 U+30D4 U+30D7 U+30DA U+30DD U+0074 U+30B7 U+30E3 U+30C4 U+30AB U+30D5 U+30A7 U+30D0 U+30A4 U+30AA U+30EA U+30F3 U+0041 U+0042 U+0043 U+0020 U+0031 U+0032 U+0033 U+3067 U+3059 U+3002,33,83,28,0,3,1,0,1,0,33,32,32,31
C06,C06-run01,,result_text,concat_without_separator,NFKC,ダギニグメモパピプペポtシャツカフェバイオリンABC 123です。,U+30C0 U+30AE U+30CB U+30B0 U+30E1 U+30E2 U+30D1 U+30D4 U+30D7 U+30DA U+30DD U+0074 U+30B7 U+30E3 U+30C4 U+30AB U+30D5 U+30A7 U+30D0 U+30A4 U+30AA U+30EA U+30F3 U+0041 U+0042 U+0043 U+0020 U+0031 U+0032 U+0033 U+3067 U+3059 U+3002,33,83,28,0,3,1,0,1,0,33,32,32,31
C06,C06-run01,,result_text,join_with_ascii_space,none,ダギニグメモパピプペポtシャツカフェバイオリンABC 123です。,U+30C0 U+30AE U+30CB U+30B0 U+30E1 U+30E2 U+30D1 U+30D4 U+30D7 U+30DA U+30DD U+0074 U+30B7 U+30E3 U+30C4 U+30AB U+30D5 U+30A7 U+30D0 U+30A4 U+30AA U+30EA U+30F3 U+0041 U+0042 U+0043 U+0020 U+0031 U+0032 U+0033 U+3067 U+3059 U+3002,33,83,28,0,3,1,0,1,0,33,32,32,31
C06,C06-run01,,result_text,join_with_ascii_space,NFC,ダギニグメモパピプペポtシャツカフェバイオリンABC 123です。,U+30C0 U+30AE U+30CB U+30B0 U+30E1 U+30E2 U+30D1 U+30D4 U+30D7 U+30DA U+30DD U+0074 U+30B7 U+30E3 U+30C4 U+30AB U+30D5 U+30A7 U+30D0 U+30A4 U+30AA U+30EA U+30F3 U+0041 U+0042 U+0043 U+0020 U+0031 U+0032 U+0033 U+3067 U+3059 U+3002,33,83,28,0,3,1,0,1,0,33,32,32,31
C06,C06-run01,,result_text,join_with_ascii_space,NFKC,ダギニグメモパピプペポtシャツカフェバイオリンABC 123です。,U+30C0 U+30AE U+30CB U+30B0 U+30E1 U+30E2 U+30D1 U+30D4 U+30D7 U+30DA U+30DD U+0074 U+30B7 U+30E3 U+30C4 U+30AB U+30D5 U+30A7 U+30D0 U+30A4 U+30AA U+30EA U+30F3 U+0041 U+0042 U+0043 U+0020 U+0031 U+0032 U+0033 U+3067 U+3059 U+3002,33,83,28,0,3,1,0,1,0,33,32,32,31
C06,C06-run01,,display_text,concat_without_separator,none,ダギニグメモパピプペポtシャツカフェバイオリンABC 123です。,U+30C0 U+30AE U+30CB U+30B0 U+30E1 U+30E2 U+30D1 U+30D4 U+30D7 U+30DA U+30DD U+0074 U+30B7 U+30E3 U+30C4 U+30AB U+30D5 U+30A7 U+30D0 U+30A4 U+30AA U+30EA U+30F3 U+0041 U+0042 U+0043 U+0020 U+0031 U+0032 U+0033 U+3067 U+3059 U+3002,33,83,28,0,3,1,0,1,0,33,32,32,31
C06,C06-run01,,display_text,concat_without_separator,NFC,ダギニグメモパピプペポtシャツカフェバイオリンABC 123です。,U+30C0 U+30AE U+30CB U+30B0 U+30E1 U+30E2 U+30D1 U+30D4 U+30D7 U+30DA U+30DD U+0074 U+30B7 U+30E3 U+30C4 U+30AB U+30D5 U+30A7 U+30D0 U+30A4 U+30AA U+30EA U+30F3 U+0041 U+0042 U+0043 U+0020 U+0031 U+0032 U+0033 U+3067 U+3059 U+3002,33,83,28,0,3,1,0,1,0,33,32,32,31
C06,C06-run01,,display_text,concat_without_separator,NFKC,ダギニグメモパピプペポtシャツカフェバイオリンABC 123です。,U+30C0 U+30AE U+30CB U+30B0 U+30E1 U+30E2 U+30D1 U+30D4 U+30D7 U+30DA U+30DD U+0074 U+30B7 U+30E3 U+30C4 U+30AB U+30D5 U+30A7 U+30D0 U+30A4 U+30AA U+30EA U+30F3 U+0041 U+0042 U+0043 U+0020 U+0031 U+0032 U+0033 U+3067 U+3059 U+3002,33,83,28,0,3,1,0,1,0,33,32,32,31
C06,C06-run01,,display_text,join_with_ascii_space,none,ダギニグメモパピプペポtシャツカフェバイオリンABC 123です。,U+30C0 U+30AE U+30CB U+30B0 U+30E1 U+30E2 U+30D1 U+30D4 U+30D7 U+30DA U+30DD U+0074 U+30B7 U+30E3 U+30C4 U+30AB U+30D5 U+30A7 U+30D0 U+30A4 U+30AA U+30EA U+30F3 U+0041 U+0042 U+0043 U+0020 U+0031 U+0032 U+0033 U+3067 U+3059 U+3002,33,83,28,0,3,1,0,1,0,33,32,32,31
C06,C06-run01,,display_text,join_with_ascii_space,NFC,ダギニグメモパピプペポtシャツカフェバイオリンABC 123です。,U+30C0 U+30AE U+30CB U+30B0 U+30E1 U+30E2 U+30D1 U+30D4 U+30D7 U+30DA U+30DD U+0074 U+30B7 U+30E3 U+30C4 U+30AB U+30D5 U+30A7 U+30D0 U+30A4 U+30AA U+30EA U+30F3 U+0041 U+0042 U+0043 U+0020 U+0031 U+0032 U+0033 U+3067 U+3059 U+3002,33,83,28,0,3,1,0,1,0,33,32,32,31
C06,C06-run01,,display_text,join_with_ascii_space,NFKC,ダギニグメモパピプペポtシャツカフェバイオリンABC 123です。,U+30C0 U+30AE U+30CB U+30B0 U+30E1 U+30E2 U+30D1 U+30D4 U+30D7 U+30DA U+30DD U+0074 U+30B7 U+30E3 U+30C4 U+30AB U+30D5 U+30A7 U+30D0 U+30A4 U+30AA U+30EA U+30F3 U+0041 U+0042 U+0043 U+0020 U+0031 U+0032 U+0033 U+3067 U+3059 U+3002,33,83,28,0,3,1,0,1,0,33,32,32,31
C06,C06-run01,,nbest_display,concat_without_separator,none,ダギニグメモパピプペポtシャツカフェバイオリンABC 123です。,U+30C0 U+30AE U+30CB U+30B0 U+30E1 U+30E2 U+30D1 U+30D4 U+30D7 U+30DA U+30DD U+0074 U+30B7 U+30E3 U+30C4 U+30AB U+30D5 U+30A7 U+30D0 U+30A4 U+30AA U+30EA U+30F3 U+0041 U+0042 U+0043 U+0020 U+0031 U+0032 U+0033 U+3067 U+3059 U+3002,33,83,28,0,3,1,0,1,0,33,32,32,31
C06,C06-run01,,nbest_display,concat_without_separator,NFC,ダギニグメモパピプペポtシャツカフェバイオリンABC 123です。,U+30C0 U+30AE U+30CB U+30B0 U+30E1 U+30E2 U+30D1 U+30D4 U+30D7 U+30DA U+30DD U+0074 U+30B7 U+30E3 U+30C4 U+30AB U+30D5 U+30A7 U+30D0 U+30A4 U+30AA U+30EA U+30F3 U+0041 U+0042 U+0043 U+0020 U+0031 U+0032 U+0033 U+3067 U+3059 U+3002,33,83,28,0,3,1,0,1,0,33,32,32,31
C06,C06-run01,,nbest_display,concat_without_separator,NFKC,ダギニグメモパピプペポtシャツカフェバイオリンABC 123です。,U+30C0 U+30AE U+30CB U+30B0 U+30E1 U+30E2 U+30D1 U+30D4 U+30D7 U+30DA U+30DD U+0074 U+30B7 U+30E3 U+30C4 U+30AB U+30D5 U+30A7 U+30D0 U+30A4 U+30AA U+30EA U+30F3 U+0041 U+0042 U+0043 U+0020 U+0031 U+0032 U+0033 U+3067 U+3059 U+3002,33,83,28,0,3,1,0,1,0,33,32,32,31
C06,C06-run01,,nbest_display,join_with_ascii_space,none,ダギニグメモパピプペポtシャツカフェバイオリンABC 123です。,U+30C0 U+30AE U+30CB U+30B0 U+30E1 U+30E2 U+30D1 U+30D4 U+30D7 U+30DA U+30DD U+0074 U+30B7 U+30E3 U+30C4 U+30AB U+30D5 U+30A7 U+30D0 U+30A4 U+30AA U+30EA U+30F3 U+0041 U+0042 U+0043 U+0020 U+0031 U+0032 U+0033 U+3067 U+3059 U+3002,33,83,28,0,3,1,0,1,0,33,32,32,31
C06,C06-run01,,nbest_display,join_with_ascii_space,NFC,ダギニグメモパピプペポtシャツカフェバイオリンABC 123です。,U+30C0 U+30AE U+30CB U+30B0 U+30E1 U+30E2 U+30D1 U+30D4 U+30D7 U+30DA U+30DD U+0074 U+30B7 U+30E3 U+30C4 U+30AB U+30D5 U+30A7 U+30D0 U+30A4 U+30AA U+30EA U+30F3 U+0041 U+0042 U+0043 U+0020 U+0031 U+0032 U+0033 U+3067 U+3059 U+3002,33,83,28,0,3,1,0,1,0,33,32,32,31
C06,C06-run01,,nbest_display,join_with_ascii_space,NFKC,ダギニグメモパピプペポtシャツカフェバイオリンABC 123です。,U+30C0 U+30AE U+30CB U+30B0 U+30E1 U+30E2 U+30D1 U+30D4 U+30D7 U+30DA U+30DD U+0074 U+30B7 U+30E3 U+30C4 U+30AB U+30D5 U+30A7 U+30D0 U+30A4 U+30AA U+30EA U+30F3 U+0041 U+0042 U+0043 U+0020 U+0031 U+0032 U+0033 U+3067 U+3059 U+3002,33,83,28,0,3,1,0,1,0,33,32,32,31
C06,C06-run01,,lexical,concat_without_separator,none,ダギ ニ グ メモ パピプペポ t シャツ カフェ バイオリン abc 一二三 です,U+30C0 U+30AE U+0020 U+30CB U+0020 U+30B0 U+0020 U+30E1 U+30E2 U+0020 U+30D1 U+30D4 U+30D7 U+30DA U+30DD U+0020 U+0074 U+0020 U+30B7 U+30E3 U+30C4 U+0020 U+30AB U+30D5 U+30A7 U+0020 U+30D0 U+30A4 U+30AA U+30EA U+30F3 U+0020 U+0061 U+0062 U+0063 U+0020 U+4E00 U+4E8C U+4E09 U+0020 U+3067 U+3059,42,96,31,0,0,0,0,11,0,42,31,42,31
C06,C06-run01,,lexical,concat_without_separator,NFC,ダギ ニ グ メモ パピプペポ t シャツ カフェ バイオリン abc 一二三 です,U+30C0 U+30AE U+0020 U+30CB U+0020 U+30B0 U+0020 U+30E1 U+30E2 U+0020 U+30D1 U+30D4 U+30D7 U+30DA U+30DD U+0020 U+0074 U+0020 U+30B7 U+30E3 U+30C4 U+0020 U+30AB U+30D5 U+30A7 U+0020 U+30D0 U+30A4 U+30AA U+30EA U+30F3 U+0020 U+0061 U+0062 U+0063 U+0020 U+4E00 U+4E8C U+4E09 U+0020 U+3067 U+3059,42,96,31,0,0,0,0,11,0,42,31,42,31
C06,C06-run01,,lexical,concat_without_separator,NFKC,ダギ ニ グ メモ パピプペポ t シャツ カフェ バイオリン abc 一二三 です,U+30C0 U+30AE U+0020 U+30CB U+0020 U+30B0 U+0020 U+30E1 U+30E2 U+0020 U+30D1 U+30D4 U+30D7 U+30DA U+30DD U+0020 U+0074 U+0020 U+30B7 U+30E3 U+30C4 U+0020 U+30AB U+30D5 U+30A7 U+0020 U+30D0 U+30A4 U+30AA U+30EA U+30F3 U+0020 U+0061 U+0062 U+0063 U+0020 U+4E00 U+4E8C U+4E09 U+0020 U+3067 U+3059,42,96,31,0,0,0,0,11,0,42,31,42,31
C06,C06-run01,,lexical,join_with_ascii_space,none,ダギ ニ グ メモ パピプペポ t シャツ カフェ バイオリン abc 一二三 です,U+30C0 U+30AE U+0020 U+30CB U+0020 U+30B0 U+0020 U+30E1 U+30E2 U+0020 U+30D1 U+30D4 U+30D7 U+30DA U+30DD U+0020 U+0074 U+0020 U+30B7 U+30E3 U+30C4 U+0020 U+30AB U+30D5 U+30A7 U+0020 U+30D0 U+30A4 U+30AA U+30EA U+30F3 U+0020 U+0061 U+0062 U+0063 U+0020 U+4E00 U+4E8C U+4E09 U+0020 U+3067 U+3059,42,96,31,0,0,0,0,11,0,42,31,42,31
C06,C06-run01,,lexical,join_with_ascii_space,NFC,ダギ ニ グ メモ パピプペポ t シャツ カフェ バイオリン abc 一二三 です,U+30C0 U+30AE U+0020 U+30CB U+0020 U+30B0 U+0020 U+30E1 U+30E2 U+0020 U+30D1 U+30D4 U+30D7 U+30DA U+30DD U+0020 U+0074 U+0020 U+30B7 U+30E3 U+30C4 U+0020 U+30AB U+30D5 U+30A7 U+0020 U+30D0 U+30A4 U+30AA U+30EA U+30F3 U+0020 U+0061 U+0062 U+0063 U+0020 U+4E00 U+4E8C U+4E09 U+0020 U+3067 U+3059,42,96,31,0,0,0,0,11,0,42,31,42,31
C06,C06-run01,,lexical,join_with_ascii_space,NFKC,ダギ ニ グ メモ パピプペポ t シャツ カフェ バイオリン abc 一二三 です,U+30C0 U+30AE U+0020 U+30CB U+0020 U+30B0 U+0020 U+30E1 U+30E2 U+0020 U+30D1 U+30D4 U+30D7 U+30DA U+30DD U+0020 U+0074 U+0020 U+30B7 U+30E3 U+30C4 U+0020 U+30AB U+30D5 U+30A7 U+0020 U+30D0 U+30A4 U+30AA U+30EA U+30F3 U+0020 U+0061 U+0062 U+0063 U+0020 U+4E00 U+4E8C U+4E09 U+0020 U+3067 U+3059,42,96,31,0,0,0,0,11,0,42,31,42,31
C06,C06-run01,,itn,concat_without_separator,none,ダギ ニ グ メモ パピプペポ t シャツ カフェ バイオリン abc 123 です,U+30C0 U+30AE U+0020 U+30CB U+0020 U+30B0 U+0020 U+30E1 U+30E2 U+0020 U+30D1 U+30D4 U+30D7 U+30DA U+30DD U+0020 U+0074 U+0020 U+30B7 U+30E3 U+30C4 U+0020 U+30AB U+30D5 U+30A7 U+0020 U+30D0 U+30A4 U+30AA U+30EA U+30F3 U+0020 U+0061 U+0062 U+0063 U+0020 U+0031 U+0032 U+0033 U+0020 U+3067 U+3059,42,90,28,0,3,0,0,11,0,42,31,42,31
C06,C06-run01,,itn,concat_without_separator,NFC,ダギ ニ グ メモ パピプペポ t シャツ カフェ バイオリン abc 123 です,U+30C0 U+30AE U+0020 U+30CB U+0020 U+30B0 U+0020 U+30E1 U+30E2 U+0020 U+30D1 U+30D4 U+30D7 U+30DA U+30DD U+0020 U+0074 U+0020 U+30B7 U+30E3 U+30C4 U+0020 U+30AB U+30D5 U+30A7 U+0020 U+30D0 U+30A4 U+30AA U+30EA U+30F3 U+0020 U+0061 U+0062 U+0063 U+0020 U+0031 U+0032 U+0033 U+0020 U+3067 U+3059,42,90,28,0,3,0,0,11,0,42,31,42,31
C06,C06-run01,,itn,concat_without_separator,NFKC,ダギ ニ グ メモ パピプペポ t シャツ カフェ バイオリン abc 123 です,U+30C0 U+30AE U+0020 U+30CB U+0020 U+30B0 U+0020 U+30E1 U+30E2 U+0020 U+30D1 U+30D4 U+30D7 U+30DA U+30DD U+0020 U+0074 U+0020 U+30B7 U+30E3 U+30C4 U+0020 U+30AB U+30D5 U+30A7 U+0020 U+30D0 U+30A4 U+30AA U+30EA U+30F3 U+0020 U+0061 U+0062 U+0063 U+0020 U+0031 U+0032 U+0033 U+0020 U+3067 U+3059,42,90,28,0,3,0,0,11,0,42,31,42,31
C06,C06-run01,,itn,join_with_ascii_space,none,ダギ ニ グ メモ パピプペポ t シャツ カフェ バイオリン abc 123 です,U+30C0 U+30AE U+0020 U+30CB U+0020 U+30B0 U+0020 U+30E1 U+30E2 U+0020 U+30D1 U+30D4 U+30D7 U+30DA U+30DD U+0020 U+0074 U+0020 U+30B7 U+30E3 U+30C4 U+0020 U+30AB U+30D5 U+30A7 U+0020 U+30D0 U+30A4 U+30AA U+30EA U+30F3 U+0020 U+0061 U+0062 U+0063 U+0020 U+0031 U+0032 U+0033 U+0020 U+3067 U+3059,42,90,28,0,3,0,0,11,0,42,31,42,31
C06,C06-run01,,itn,join_with_ascii_space,NFC,ダギ ニ グ メモ パピプペポ t シャツ カフェ バイオリン abc 123 です,U+30C0 U+30AE U+0020 U+30CB U+0020 U+30B0 U+0020 U+30E1 U+30E2 U+0020 U+30D1 U+30D4 U+30D7 U+30DA U+30DD U+0020 U+0074 U+0020 U+30B7 U+30E3 U+30C4 U+0020 U+30AB U+30D5 U+30A7 U+0020 U+30D0 U+30A4 U+30AA U+30EA U+30F3 U+0020 U+0061 U+0062 U+0063 U+0020 U+0031 U+0032 U+0033 U+0020 U+3067 U+3059,42,90,28,0,3,0,0,11,0,42,31,42,31
C06,C06-run01,,itn,join_with_ascii_space,NFKC,ダギ ニ グ メモ パピプペポ t シャツ カフェ バイオリン abc 123 です,U+30C0 U+30AE U+0020 U+30CB U+0020 U+30B0 U+0020 U+30E1 U+30E2 U+0020 U+30D1 U+30D4 U+30D7 U+30DA U+30DD U+0020 U+0074 U+0020 U+30B7 U+30E3 U+30C4 U+0020 U+30AB U+30D5 U+30A7 U+0020 U+30D0 U+30A4 U+30AA U+30EA U+30F3 U+0020 U+0061 U+0062 U+0063 U+0020 U+0031 U+0032 U+0033 U+0020 U+3067 U+3059,42,90,28,0,3,0,0,11,0,42,31,42,31
C06,C06-run01,,masked_itn,concat_without_separator,none,ダギニグメモパピプペポtシャツカフェバイオリンabc 123です,U+30C0 U+30AE U+30CB U+30B0 U+30E1 U+30E2 U+30D1 U+30D4 U+30D7 U+30DA U+30DD U+0074 U+30B7 U+30E3 U+30C4 U+30AB U+30D5 U+30A7 U+30D0 U+30A4 U+30AA U+30EA U+30F3 U+0061 U+0062 U+0063 U+0020 U+0031 U+0032 U+0033 U+3067 U+3059,32,80,28,0,3,0,0,1,0,32,31,32,31
C06,C06-run01,,masked_itn,concat_without_separator,NFC,ダギニグメモパピプペポtシャツカフェバイオリンabc 123です,U+30C0 U+30AE U+30CB U+30B0 U+30E1 U+30E2 U+30D1 U+30D4 U+30D7 U+30DA U+30DD U+0074 U+30B7 U+30E3 U+30C4 U+30AB U+30D5 U+30A7 U+30D0 U+30A4 U+30AA U+30EA U+30F3 U+0061 U+0062 U+0063 U+0020 U+0031 U+0032 U+0033 U+3067 U+3059,32,80,28,0,3,0,0,1,0,32,31,32,31
C06,C06-run01,,masked_itn,concat_without_separator,NFKC,ダギニグメモパピプペポtシャツカフェバイオリンabc 123です,U+30C0 U+30AE U+30CB U+30B0 U+30E1 U+30E2 U+30D1 U+30D4 U+30D7 U+30DA U+30DD U+0074 U+30B7 U+30E3 U+30C4 U+30AB U+30D5 U+30A7 U+30D0 U+30A4 U+30AA U+30EA U+30F3 U+0061 U+0062 U+0063 U+0020 U+0031 U+0032 U+0033 U+3067 U+3059,32,80,28,0,3,0,0,1,0,32,31,32,31
C06,C06-run01,,masked_itn,join_with_ascii_space,none,ダギニグメモパピプペポtシャツカフェバイオリンabc 123です,U+30C0 U+30AE U+30CB U+30B0 U+30E1 U+30E2 U+30D1 U+30D4 U+30D7 U+30DA U+30DD U+0074 U+30B7 U+30E3 U+30C4 U+30AB U+30D5 U+30A7 U+30D0 U+30A4 U+30AA U+30EA U+30F3 U+0061 U+0062 U+0063 U+0020 U+0031 U+0032 U+0033 U+3067 U+3059,32,80,28,0,3,0,0,1,0,32,31,32,31
C06,C06-run01,,masked_itn,join_with_ascii_space,NFC,ダギニグメモパピプペポtシャツカフェバイオリンabc 123です,U+30C0 U+30AE U+30CB U+30B0 U+30E1 U+30E2 U+30D1 U+30D4 U+30D7 U+30DA U+30DD U+0074 U+30B7 U+30E3 U+30C4 U+30AB U+30D5 U+30A7 U+30D0 U+30A4 U+30AA U+30EA U+30F3 U+0061 U+0062 U+0063 U+0020 U+0031 U+0032 U+0033 U+3067 U+3059,32,80,28,0,3,0,0,1,0,32,31,32,31
C06,C06-run01,,masked_itn,join_with_ascii_space,NFKC,ダギニグメモパピプペポtシャツカフェバイオリンabc 123です,U+30C0 U+30AE U+30CB U+30B0 U+30E1 U+30E2 U+30D1 U+30D4 U+30D7 U+30DA U+30DD U+0074 U+30B7 U+30E3 U+30C4 U+30AB U+30D5 U+30A7 U+30D0 U+30A4 U+30AA U+30EA U+30F3 U+0061 U+0062 U+0063 U+0020 U+0031 U+0032 U+0033 U+3067 U+3059,32,80,28,0,3,0,0,1,0,32,31,32,31
C07,C07-run01,0,result_text,segment,none,東京です。,U+6771 U+4EAC U+3067 U+3059 U+3002,5,15,4,0,0,1,0,0,0,5,5,4,4
C07,C07-run01,0,result_text,segment,NFC,東京です。,U+6771 U+4EAC U+3067 U+3059 U+3002,5,15,4,0,0,1,0,0,0,5,5,4,4
C07,C07-run01,0,result_text,segment,NFKC,東京です。,U+6771 U+4EAC U+3067 U+3059 U+3002,5,15,4,0,0,1,0,0,0,5,5,4,4
C07,C07-run01,0,display_text,segment,none,東京です。,U+6771 U+4EAC U+3067 U+3059 U+3002,5,15,4,0,0,1,0,0,0,5,5,4,4
C07,C07-run01,0,display_text,segment,NFC,東京です。,U+6771 U+4EAC U+3067 U+3059 U+3002,5,15,4,0,0,1,0,0,0,5,5,4,4
C07,C07-run01,0,display_text,segment,NFKC,東京です。,U+6771 U+4EAC U+3067 U+3059 U+3002,5,15,4,0,0,1,0,0,0,5,5,4,4
C07,C07-run01,0,nbest_display,segment,none,東京です。,U+6771 U+4EAC U+3067 U+3059 U+3002,5,15,4,0,0,1,0,0,0,5,5,4,4
C07,C07-run01,0,nbest_display,segment,NFC,東京です。,U+6771 U+4EAC U+3067 U+3059 U+3002,5,15,4,0,0,1,0,0,0,5,5,4,4
C07,C07-run01,0,nbest_display,segment,NFKC,東京です。,U+6771 U+4EAC U+3067 U+3059 U+3002,5,15,4,0,0,1,0,0,0,5,5,4,4
C07,C07-run01,0,lexical,segment,none,東京 です,U+6771 U+4EAC U+0020 U+3067 U+3059,5,13,4,0,0,0,0,1,0,5,4,5,4
C07,C07-run01,0,lexical,segment,NFC,東京 です,U+6771 U+4EAC U+0020 U+3067 U+3059,5,13,4,0,0,0,0,1,0,5,4,5,4
C07,C07-run01,0,lexical,segment,NFKC,東京 です,U+6771 U+4EAC U+0020 U+3067 U+3059,5,13,4,0,0,0,0,1,0,5,4,5,4
C07,C07-run01,0,itn,segment,none,東京 です,U+6771 U+4EAC U+0020 U+3067 U+3059,5,13,4,0,0,0,0,1,0,5,4,5,4
C07,C07-run01,0,itn,segment,NFC,東京 です,U+6771 U+4EAC U+0020 U+3067 U+3059,5,13,4,0,0,0,0,1,0,5,4,5,4
C07,C07-run01,0,itn,segment,NFKC,東京 です,U+6771 U+4EAC U+0020 U+3067 U+3059,5,13,4,0,0,0,0,1,0,5,4,5,4
C07,C07-run01,0,masked_itn,segment,none,東京です,U+6771 U+4EAC U+3067 U+3059,4,12,4,0,0,0,0,0,0,4,4,4,4
C07,C07-run01,0,masked_itn,segment,NFC,東京です,U+6771 U+4EAC U+3067 U+3059,4,12,4,0,0,0,0,0,0,4,4,4,4
C07,C07-run01,0,masked_itn,segment,NFKC,東京です,U+6771 U+4EAC U+3067 U+3059,4,12,4,0,0,0,0,0,0,4,4,4,4
C07,C07-run01,1,result_text,segment,none,大坂です。,U+5927 U+5742 U+3067 U+3059 U+3002,5,15,4,0,0,1,0,0,0,5,5,4,4
C07,C07-run01,1,result_text,segment,NFC,大坂です。,U+5927 U+5742 U+3067 U+3059 U+3002,5,15,4,0,0,1,0,0,0,5,5,4,4
C07,C07-run01,1,result_text,segment,NFKC,大坂です。,U+5927 U+5742 U+3067 U+3059 U+3002,5,15,4,0,0,1,0,0,0,5,5,4,4
C07,C07-run01,1,display_text,segment,none,大坂です。,U+5927 U+5742 U+3067 U+3059 U+3002,5,15,4,0,0,1,0,0,0,5,5,4,4
C07,C07-run01,1,display_text,segment,NFC,大坂です。,U+5927 U+5742 U+3067 U+3059 U+3002,5,15,4,0,0,1,0,0,0,5,5,4,4
C07,C07-run01,1,display_text,segment,NFKC,大坂です。,U+5927 U+5742 U+3067 U+3059 U+3002,5,15,4,0,0,1,0,0,0,5,5,4,4
C07,C07-run01,1,nbest_display,segment,none,大坂です。,U+5927 U+5742 U+3067 U+3059 U+3002,5,15,4,0,0,1,0,0,0,5,5,4,4
C07,C07-run01,1,nbest_display,segment,NFC,大坂です。,U+5927 U+5742 U+3067 U+3059 U+3002,5,15,4,0,0,1,0,0,0,5,5,4,4
C07,C07-run01,1,nbest_display,segment,NFKC,大坂です。,U+5927 U+5742 U+3067 U+3059 U+3002,5,15,4,0,0,1,0,0,0,5,5,4,4
C07,C07-run01,1,lexical,segment,none,大 坂 です,U+5927 U+0020 U+5742 U+0020 U+3067 U+3059,6,14,4,0,0,0,0,2,0,6,4,6,4
C07,C07-run01,1,lexical,segment,NFC,大 坂 です,U+5927 U+0020 U+5742 U+0020 U+3067 U+3059,6,14,4,0,0,0,0,2,0,6,4,6,4
C07,C07-run01,1,lexical,segment,NFKC,大 坂 です,U+5927 U+0020 U+5742 U+0020 U+3067 U+3059,6,14,4,0,0,0,0,2,0,6,4,6,4
C07,C07-run01,1,itn,segment,none,大 坂 です,U+5927 U+0020 U+5742 U+0020 U+3067 U+3059,6,14,4,0,0,0,0,2,0,6,4,6,4
C07,C07-run01,1,itn,segment,NFC,大 坂 です,U+5927 U+0020 U+5742 U+0020 U+3067 U+3059,6,14,4,0,0,0,0,2,0,6,4,6,4
C07,C07-run01,1,itn,segment,NFKC,大 坂 です,U+5927 U+0020 U+5742 U+0020 U+3067 U+3059,6,14,4,0,0,0,0,2,0,6,4,6,4
C07,C07-run01,1,masked_itn,segment,none,大坂です,U+5927 U+5742 U+3067 U+3059,4,12,4,0,0,0,0,0,0,4,4,4,4
C07,C07-run01,1,masked_itn,segment,NFC,大坂です,U+5927 U+5742 U+3067 U+3059,4,12,4,0,0,0,0,0,0,4,4,4,4
C07,C07-run01,1,masked_itn,segment,NFKC,大坂です,U+5927 U+5742 U+3067 U+3059,4,12,4,0,0,0,0,0,0,4,4,4,4
C07,C07-run01,2,result_text,segment,none,京都です。,U+4EAC U+90FD U+3067 U+3059 U+3002,5,15,4,0,0,1,0,0,0,5,5,4,4
C07,C07-run01,2,result_text,segment,NFC,京都です。,U+4EAC U+90FD U+3067 U+3059 U+3002,5,15,4,0,0,1,0,0,0,5,5,4,4
C07,C07-run01,2,result_text,segment,NFKC,京都です。,U+4EAC U+90FD U+3067 U+3059 U+3002,5,15,4,0,0,1,0,0,0,5,5,4,4
C07,C07-run01,2,display_text,segment,none,京都です。,U+4EAC U+90FD U+3067 U+3059 U+3002,5,15,4,0,0,1,0,0,0,5,5,4,4
C07,C07-run01,2,display_text,segment,NFC,京都です。,U+4EAC U+90FD U+3067 U+3059 U+3002,5,15,4,0,0,1,0,0,0,5,5,4,4
C07,C07-run01,2,display_text,segment,NFKC,京都です。,U+4EAC U+90FD U+3067 U+3059 U+3002,5,15,4,0,0,1,0,0,0,5,5,4,4
C07,C07-run01,2,nbest_display,segment,none,京都です。,U+4EAC U+90FD U+3067 U+3059 U+3002,5,15,4,0,0,1,0,0,0,5,5,4,4
C07,C07-run01,2,nbest_display,segment,NFC,京都です。,U+4EAC U+90FD U+3067 U+3059 U+3002,5,15,4,0,0,1,0,0,0,5,5,4,4
C07,C07-run01,2,nbest_display,segment,NFKC,京都です。,U+4EAC U+90FD U+3067 U+3059 U+3002,5,15,4,0,0,1,0,0,0,5,5,4,4
C07,C07-run01,2,lexical,segment,none,京都 です,U+4EAC U+90FD U+0020 U+3067 U+3059,5,13,4,0,0,0,0,1,0,5,4,5,4
C07,C07-run01,2,lexical,segment,NFC,京都 です,U+4EAC U+90FD U+0020 U+3067 U+3059,5,13,4,0,0,0,0,1,0,5,4,5,4
C07,C07-run01,2,lexical,segment,NFKC,京都 です,U+4EAC U+90FD U+0020 U+3067 U+3059,5,13,4,0,0,0,0,1,0,5,4,5,4
C07,C07-run01,2,itn,segment,none,京都 です,U+4EAC U+90FD U+0020 U+3067 U+3059,5,13,4,0,0,0,0,1,0,5,4,5,4
C07,C07-run01,2,itn,segment,NFC,京都 です,U+4EAC U+90FD U+0020 U+3067 U+3059,5,13,4,0,0,0,0,1,0,5,4,5,4
C07,C07-run01,2,itn,segment,NFKC,京都 です,U+4EAC U+90FD U+0020 U+3067 U+3059,5,13,4,0,0,0,0,1,0,5,4,5,4
C07,C07-run01,2,masked_itn,segment,none,京都です,U+4EAC U+90FD U+3067 U+3059,4,12,4,0,0,0,0,0,0,4,4,4,4
C07,C07-run01,2,masked_itn,segment,NFC,京都です,U+4EAC U+90FD U+3067 U+3059,4,12,4,0,0,0,0,0,0,4,4,4,4
C07,C07-run01,2,masked_itn,segment,NFKC,京都です,U+4EAC U+90FD U+3067 U+3059,4,12,4,0,0,0,0,0,0,4,4,4,4
C07,C07-run01,,result_text,concat_without_separator,none,東京です。大坂です。京都です。,U+6771 U+4EAC U+3067 U+3059 U+3002 U+5927 U+5742 U+3067 U+3059 U+3002 U+4EAC U+90FD U+3067 U+3059 U+3002,15,45,12,0,0,3,0,0,0,15,15,12,12
C07,C07-run01,,result_text,concat_without_separator,NFC,東京です。大坂です。京都です。,U+6771 U+4EAC U+3067 U+3059 U+3002 U+5927 U+5742 U+3067 U+3059 U+3002 U+4EAC U+90FD U+3067 U+3059 U+3002,15,45,12,0,0,3,0,0,0,15,15,12,12
C07,C07-run01,,result_text,concat_without_separator,NFKC,東京です。大坂です。京都です。,U+6771 U+4EAC U+3067 U+3059 U+3002 U+5927 U+5742 U+3067 U+3059 U+3002 U+4EAC U+90FD U+3067 U+3059 U+3002,15,45,12,0,0,3,0,0,0,15,15,12,12
C07,C07-run01,,result_text,join_with_ascii_space,none,東京です。 大坂です。 京都です。,U+6771 U+4EAC U+3067 U+3059 U+3002 U+0020 U+5927 U+5742 U+3067 U+3059 U+3002 U+0020 U+4EAC U+90FD U+3067 U+3059 U+3002,17,47,12,0,0,3,0,2,0,17,15,14,12
C07,C07-run01,,result_text,join_with_ascii_space,NFC,東京です。 大坂です。 京都です。,U+6771 U+4EAC U+3067 U+3059 U+3002 U+0020 U+5927 U+5742 U+3067 U+3059 U+3002 U+0020 U+4EAC U+90FD U+3067 U+3059 U+3002,17,47,12,0,0,3,0,2,0,17,15,14,12
C07,C07-run01,,result_text,join_with_ascii_space,NFKC,東京です。 大坂です。 京都です。,U+6771 U+4EAC U+3067 U+3059 U+3002 U+0020 U+5927 U+5742 U+3067 U+3059 U+3002 U+0020 U+4EAC U+90FD U+3067 U+3059 U+3002,17,47,12,0,0,3,0,2,0,17,15,14,12
C07,C07-run01,,display_text,concat_without_separator,none,東京です。大坂です。京都です。,U+6771 U+4EAC U+3067 U+3059 U+3002 U+5927 U+5742 U+3067 U+3059 U+3002 U+4EAC U+90FD U+3067 U+3059 U+3002,15,45,12,0,0,3,0,0,0,15,15,12,12
C07,C07-run01,,display_text,concat_without_separator,NFC,東京です。大坂です。京都です。,U+6771 U+4EAC U+3067 U+3059 U+3002 U+5927 U+5742 U+3067 U+3059 U+3002 U+4EAC U+90FD U+3067 U+3059 U+3002,15,45,12,0,0,3,0,0,0,15,15,12,12
C07,C07-run01,,display_text,concat_without_separator,NFKC,東京です。大坂です。京都です。,U+6771 U+4EAC U+3067 U+3059 U+3002 U+5927 U+5742 U+3067 U+3059 U+3002 U+4EAC U+90FD U+3067 U+3059 U+3002,15,45,12,0,0,3,0,0,0,15,15,12,12
C07,C07-run01,,display_text,join_with_ascii_space,none,東京です。 大坂です。 京都です。,U+6771 U+4EAC U+3067 U+3059 U+3002 U+0020 U+5927 U+5742 U+3067 U+3059 U+3002 U+0020 U+4EAC U+90FD U+3067 U+3059 U+3002,17,47,12,0,0,3,0,2,0,17,15,14,12
C07,C07-run01,,display_text,join_with_ascii_space,NFC,東京です。 大坂です。 京都です。,U+6771 U+4EAC U+3067 U+3059 U+3002 U+0020 U+5927 U+5742 U+3067 U+3059 U+3002 U+0020 U+4EAC U+90FD U+3067 U+3059 U+3002,17,47,12,0,0,3,0,2,0,17,15,14,12
C07,C07-run01,,display_text,join_with_ascii_space,NFKC,東京です。 大坂です。 京都です。,U+6771 U+4EAC U+3067 U+3059 U+3002 U+0020 U+5927 U+5742 U+3067 U+3059 U+3002 U+0020 U+4EAC U+90FD U+3067 U+3059 U+3002,17,47,12,0,0,3,0,2,0,17,15,14,12
C07,C07-run01,,nbest_display,concat_without_separator,none,東京です。大坂です。京都です。,U+6771 U+4EAC U+3067 U+3059 U+3002 U+5927 U+5742 U+3067 U+3059 U+3002 U+4EAC U+90FD U+3067 U+3059 U+3002,15,45,12,0,0,3,0,0,0,15,15,12,12
C07,C07-run01,,nbest_display,concat_without_separator,NFC,東京です。大坂です。京都です。,U+6771 U+4EAC U+3067 U+3059 U+3002 U+5927 U+5742 U+3067 U+3059 U+3002 U+4EAC U+90FD U+3067 U+3059 U+3002,15,45,12,0,0,3,0,0,0,15,15,12,12
C07,C07-run01,,nbest_display,concat_without_separator,NFKC,東京です。大坂です。京都です。,U+6771 U+4EAC U+3067 U+3059 U+3002 U+5927 U+5742 U+3067 U+3059 U+3002 U+4EAC U+90FD U+3067 U+3059 U+3002,15,45,12,0,0,3,0,0,0,15,15,12,12
C07,C07-run01,,nbest_display,join_with_ascii_space,none,東京です。 大坂です。 京都です。,U+6771 U+4EAC U+3067 U+3059 U+3002 U+0020 U+5927 U+5742 U+3067 U+3059 U+3002 U+0020 U+4EAC U+90FD U+3067 U+3059 U+3002,17,47,12,0,0,3,0,2,0,17,15,14,12
C07,C07-run01,,nbest_display,join_with_ascii_space,NFC,東京です。 大坂です。 京都です。,U+6771 U+4EAC U+3067 U+3059 U+3002 U+0020 U+5927 U+5742 U+3067 U+3059 U+3002 U+0020 U+4EAC U+90FD U+3067 U+3059 U+3002,17,47,12,0,0,3,0,2,0,17,15,14,12
C07,C07-run01,,nbest_display,join_with_ascii_space,NFKC,東京です。 大坂です。 京都です。,U+6771 U+4EAC U+3067 U+3059 U+3002 U+0020 U+5927 U+5742 U+3067 U+3059 U+3002 U+0020 U+4EAC U+90FD U+3067 U+3059 U+3002,17,47,12,0,0,3,0,2,0,17,15,14,12
C07,C07-run01,,lexical,concat_without_separator,none,東京 です大 坂 です京都 です,U+6771 U+4EAC U+0020 U+3067 U+3059 U+5927 U+0020 U+5742 U+0020 U+3067 U+3059 U+4EAC U+90FD U+0020 U+3067 U+3059,16,40,12,0,0,0,0,4,0,16,12,16,12
C07,C07-run01,,lexical,concat_without_separator,NFC,東京 です大 坂 です京都 です,U+6771 U+4EAC U+0020 U+3067 U+3059 U+5927 U+0020 U+5742 U+0020 U+3067 U+3059 U+4EAC U+90FD U+0020 U+3067 U+3059,16,40,12,0,0,0,0,4,0,16,12,16,12
C07,C07-run01,,lexical,concat_without_separator,NFKC,東京 です大 坂 です京都 です,U+6771 U+4EAC U+0020 U+3067 U+3059 U+5927 U+0020 U+5742 U+0020 U+3067 U+3059 U+4EAC U+90FD U+0020 U+3067 U+3059,16,40,12,0,0,0,0,4,0,16,12,16,12
C07,C07-run01,,lexical,join_with_ascii_space,none,東京 です 大 坂 です 京都 です,U+6771 U+4EAC U+0020 U+3067 U+3059 U+0020 U+5927 U+0020 U+5742 U+0020 U+3067 U+3059 U+0020 U+4EAC U+90FD U+0020 U+3067 U+3059,18,42,12,0,0,0,0,6,0,18,12,18,12
C07,C07-run01,,lexical,join_with_ascii_space,NFC,東京 です 大 坂 です 京都 です,U+6771 U+4EAC U+0020 U+3067 U+3059 U+0020 U+5927 U+0020 U+5742 U+0020 U+3067 U+3059 U+0020 U+4EAC U+90FD U+0020 U+3067 U+3059,18,42,12,0,0,0,0,6,0,18,12,18,12
C07,C07-run01,,lexical,join_with_ascii_space,NFKC,東京 です 大 坂 です 京都 です,U+6771 U+4EAC U+0020 U+3067 U+3059 U+0020 U+5927 U+0020 U+5742 U+0020 U+3067 U+3059 U+0020 U+4EAC U+90FD U+0020 U+3067 U+3059,18,42,12,0,0,0,0,6,0,18,12,18,12
C07,C07-run01,,itn,concat_without_separator,none,東京 です大 坂 です京都 です,U+6771 U+4EAC U+0020 U+3067 U+3059 U+5927 U+0020 U+5742 U+0020 U+3067 U+3059 U+4EAC U+90FD U+0020 U+3067 U+3059,16,40,12,0,0,0,0,4,0,16,12,16,12
C07,C07-run01,,itn,concat_without_separator,NFC,東京 です大 坂 です京都 です,U+6771 U+4EAC U+0020 U+3067 U+3059 U+5927 U+0020 U+5742 U+0020 U+3067 U+3059 U+4EAC U+90FD U+0020 U+3067 U+3059,16,40,12,0,0,0,0,4,0,16,12,16,12
C07,C07-run01,,itn,concat_without_separator,NFKC,東京 です大 坂 です京都 です,U+6771 U+4EAC U+0020 U+3067 U+3059 U+5927 U+0020 U+5742 U+0020 U+3067 U+3059 U+4EAC U+90FD U+0020 U+3067 U+3059,16,40,12,0,0,0,0,4,0,16,12,16,12
C07,C07-run01,,itn,join_with_ascii_space,none,東京 です 大 坂 です 京都 です,U+6771 U+4EAC U+0020 U+3067 U+3059 U+0020 U+5927 U+0020 U+5742 U+0020 U+3067 U+3059 U+0020 U+4EAC U+90FD U+0020 U+3067 U+3059,18,42,12,0,0,0,0,6,0,18,12,18,12
C07,C07-run01,,itn,join_with_ascii_space,NFC,東京 です 大 坂 です 京都 です,U+6771 U+4EAC U+0020 U+3067 U+3059 U+0020 U+5927 U+0020 U+5742 U+0020 U+3067 U+3059 U+0020 U+4EAC U+90FD U+0020 U+3067 U+3059,18,42,12,0,0,0,0,6,0,18,12,18,12
C07,C07-run01,,itn,join_with_ascii_space,NFKC,東京 です 大 坂 です 京都 です,U+6771 U+4EAC U+0020 U+3067 U+3059 U+0020 U+5927 U+0020 U+5742 U+0020 U+3067 U+3059 U+0020 U+4EAC U+90FD U+0020 U+3067 U+3059,18,42,12,0,0,0,0,6,0,18,12,18,12
C07,C07-run01,,masked_itn,concat_without_separator,none,東京です大坂です京都です,U+6771 U+4EAC U+3067 U+3059 U+5927 U+5742 U+3067 U+3059 U+4EAC U+90FD U+3067 U+3059,12,36,12,0,0,0,0,0,0,12,12,12,12
C07,C07-run01,,masked_itn,concat_without_separator,NFC,東京です大坂です京都です,U+6771 U+4EAC U+3067 U+3059 U+5927 U+5742 U+3067 U+3059 U+4EAC U+90FD U+3067 U+3059,12,36,12,0,0,0,0,0,0,12,12,12,12
C07,C07-run01,,masked_itn,concat_without_separator,NFKC,東京です大坂です京都です,U+6771 U+4EAC U+3067 U+3059 U+5927 U+5742 U+3067 U+3059 U+4EAC U+90FD U+3067 U+3059,12,36,12,0,0,0,0,0,0,12,12,12,12
C07,C07-run01,,masked_itn,join_with_ascii_space,none,東京です 大坂です 京都です,U+6771 U+4EAC U+3067 U+3059 U+0020 U+5927 U+5742 U+3067 U+3059 U+0020 U+4EAC U+90FD U+3067 U+3059,14,38,12,0,0,0,0,2,0,14,12,14,12
C07,C07-run01,,masked_itn,join_with_ascii_space,NFC,東京です 大坂です 京都です,U+6771 U+4EAC U+3067 U+3059 U+0020 U+5927 U+5742 U+3067 U+3059 U+0020 U+4EAC U+90FD U+3067 U+3059,14,38,12,0,0,0,0,2,0,14,12,14,12
C07,C07-run01,,masked_itn,join_with_ascii_space,NFKC,東京です 大坂です 京都です,U+6771 U+4EAC U+3067 U+3059 U+0020 U+5927 U+5742 U+3067 U+3059 U+0020 U+4EAC U+90FD U+3067 U+3059,14,38,12,0,0,0,0,2,0,14,12,14,12
C07,C07-run02,0,result_text,segment,none,東京です。,U+6771 U+4EAC U+3067 U+3059 U+3002,5,15,4,0,0,1,0,0,0,5,5,4,4
C07,C07-run02,0,result_text,segment,NFC,東京です。,U+6771 U+4EAC U+3067 U+3059 U+3002,5,15,4,0,0,1,0,0,0,5,5,4,4
C07,C07-run02,0,result_text,segment,NFKC,東京です。,U+6771 U+4EAC U+3067 U+3059 U+3002,5,15,4,0,0,1,0,0,0,5,5,4,4
C07,C07-run02,0,display_text,segment,none,東京です。,U+6771 U+4EAC U+3067 U+3059 U+3002,5,15,4,0,0,1,0,0,0,5,5,4,4
C07,C07-run02,0,display_text,segment,NFC,東京です。,U+6771 U+4EAC U+3067 U+3059 U+3002,5,15,4,0,0,1,0,0,0,5,5,4,4
C07,C07-run02,0,display_text,segment,NFKC,東京です。,U+6771 U+4EAC U+3067 U+3059 U+3002,5,15,4,0,0,1,0,0,0,5,5,4,4
C07,C07-run02,0,nbest_display,segment,none,東京です。,U+6771 U+4EAC U+3067 U+3059 U+3002,5,15,4,0,0,1,0,0,0,5,5,4,4
C07,C07-run02,0,nbest_display,segment,NFC,東京です。,U+6771 U+4EAC U+3067 U+3059 U+3002,5,15,4,0,0,1,0,0,0,5,5,4,4
C07,C07-run02,0,nbest_display,segment,NFKC,東京です。,U+6771 U+4EAC U+3067 U+3059 U+3002,5,15,4,0,0,1,0,0,0,5,5,4,4
C07,C07-run02,0,lexical,segment,none,東京 です,U+6771 U+4EAC U+0020 U+3067 U+3059,5,13,4,0,0,0,0,1,0,5,4,5,4
C07,C07-run02,0,lexical,segment,NFC,東京 です,U+6771 U+4EAC U+0020 U+3067 U+3059,5,13,4,0,0,0,0,1,0,5,4,5,4
C07,C07-run02,0,lexical,segment,NFKC,東京 です,U+6771 U+4EAC U+0020 U+3067 U+3059,5,13,4,0,0,0,0,1,0,5,4,5,4
C07,C07-run02,0,itn,segment,none,東京 です,U+6771 U+4EAC U+0020 U+3067 U+3059,5,13,4,0,0,0,0,1,0,5,4,5,4
C07,C07-run02,0,itn,segment,NFC,東京 です,U+6771 U+4EAC U+0020 U+3067 U+3059,5,13,4,0,0,0,0,1,0,5,4,5,4
C07,C07-run02,0,itn,segment,NFKC,東京 です,U+6771 U+4EAC U+0020 U+3067 U+3059,5,13,4,0,0,0,0,1,0,5,4,5,4
C07,C07-run02,0,masked_itn,segment,none,東京です,U+6771 U+4EAC U+3067 U+3059,4,12,4,0,0,0,0,0,0,4,4,4,4
C07,C07-run02,0,masked_itn,segment,NFC,東京です,U+6771 U+4EAC U+3067 U+3059,4,12,4,0,0,0,0,0,0,4,4,4,4
C07,C07-run02,0,masked_itn,segment,NFKC,東京です,U+6771 U+4EAC U+3067 U+3059,4,12,4,0,0,0,0,0,0,4,4,4,4
C07,C07-run02,1,result_text,segment,none,大坂です。,U+5927 U+5742 U+3067 U+3059 U+3002,5,15,4,0,0,1,0,0,0,5,5,4,4
C07,C07-run02,1,result_text,segment,NFC,大坂です。,U+5927 U+5742 U+3067 U+3059 U+3002,5,15,4,0,0,1,0,0,0,5,5,4,4
C07,C07-run02,1,result_text,segment,NFKC,大坂です。,U+5927 U+5742 U+3067 U+3059 U+3002,5,15,4,0,0,1,0,0,0,5,5,4,4
C07,C07-run02,1,display_text,segment,none,大坂です。,U+5927 U+5742 U+3067 U+3059 U+3002,5,15,4,0,0,1,0,0,0,5,5,4,4
C07,C07-run02,1,display_text,segment,NFC,大坂です。,U+5927 U+5742 U+3067 U+3059 U+3002,5,15,4,0,0,1,0,0,0,5,5,4,4
C07,C07-run02,1,display_text,segment,NFKC,大坂です。,U+5927 U+5742 U+3067 U+3059 U+3002,5,15,4,0,0,1,0,0,0,5,5,4,4
C07,C07-run02,1,nbest_display,segment,none,大坂です。,U+5927 U+5742 U+3067 U+3059 U+3002,5,15,4,0,0,1,0,0,0,5,5,4,4
C07,C07-run02,1,nbest_display,segment,NFC,大坂です。,U+5927 U+5742 U+3067 U+3059 U+3002,5,15,4,0,0,1,0,0,0,5,5,4,4
C07,C07-run02,1,nbest_display,segment,NFKC,大坂です。,U+5927 U+5742 U+3067 U+3059 U+3002,5,15,4,0,0,1,0,0,0,5,5,4,4
C07,C07-run02,1,lexical,segment,none,大 坂 です,U+5927 U+0020 U+5742 U+0020 U+3067 U+3059,6,14,4,0,0,0,0,2,0,6,4,6,4
C07,C07-run02,1,lexical,segment,NFC,大 坂 です,U+5927 U+0020 U+5742 U+0020 U+3067 U+3059,6,14,4,0,0,0,0,2,0,6,4,6,4
C07,C07-run02,1,lexical,segment,NFKC,大 坂 です,U+5927 U+0020 U+5742 U+0020 U+3067 U+3059,6,14,4,0,0,0,0,2,0,6,4,6,4
C07,C07-run02,1,itn,segment,none,大 坂 です,U+5927 U+0020 U+5742 U+0020 U+3067 U+3059,6,14,4,0,0,0,0,2,0,6,4,6,4
C07,C07-run02,1,itn,segment,NFC,大 坂 です,U+5927 U+0020 U+5742 U+0020 U+3067 U+3059,6,14,4,0,0,0,0,2,0,6,4,6,4
C07,C07-run02,1,itn,segment,NFKC,大 坂 です,U+5927 U+0020 U+5742 U+0020 U+3067 U+3059,6,14,4,0,0,0,0,2,0,6,4,6,4
C07,C07-run02,1,masked_itn,segment,none,大坂です,U+5927 U+5742 U+3067 U+3059,4,12,4,0,0,0,0,0,0,4,4,4,4
C07,C07-run02,1,masked_itn,segment,NFC,大坂です,U+5927 U+5742 U+3067 U+3059,4,12,4,0,0,0,0,0,0,4,4,4,4
C07,C07-run02,1,masked_itn,segment,NFKC,大坂です,U+5927 U+5742 U+3067 U+3059,4,12,4,0,0,0,0,0,0,4,4,4,4
C07,C07-run02,2,result_text,segment,none,京都です。,U+4EAC U+90FD U+3067 U+3059 U+3002,5,15,4,0,0,1,0,0,0,5,5,4,4
C07,C07-run02,2,result_text,segment,NFC,京都です。,U+4EAC U+90FD U+3067 U+3059 U+3002,5,15,4,0,0,1,0,0,0,5,5,4,4
C07,C07-run02,2,result_text,segment,NFKC,京都です。,U+4EAC U+90FD U+3067 U+3059 U+3002,5,15,4,0,0,1,0,0,0,5,5,4,4
C07,C07-run02,2,display_text,segment,none,京都です。,U+4EAC U+90FD U+3067 U+3059 U+3002,5,15,4,0,0,1,0,0,0,5,5,4,4
C07,C07-run02,2,display_text,segment,NFC,京都です。,U+4EAC U+90FD U+3067 U+3059 U+3002,5,15,4,0,0,1,0,0,0,5,5,4,4
C07,C07-run02,2,display_text,segment,NFKC,京都です。,U+4EAC U+90FD U+3067 U+3059 U+3002,5,15,4,0,0,1,0,0,0,5,5,4,4
C07,C07-run02,2,nbest_display,segment,none,京都です。,U+4EAC U+90FD U+3067 U+3059 U+3002,5,15,4,0,0,1,0,0,0,5,5,4,4
C07,C07-run02,2,nbest_display,segment,NFC,京都です。,U+4EAC U+90FD U+3067 U+3059 U+3002,5,15,4,0,0,1,0,0,0,5,5,4,4
C07,C07-run02,2,nbest_display,segment,NFKC,京都です。,U+4EAC U+90FD U+3067 U+3059 U+3002,5,15,4,0,0,1,0,0,0,5,5,4,4
C07,C07-run02,2,lexical,segment,none,京都 です,U+4EAC U+90FD U+0020 U+3067 U+3059,5,13,4,0,0,0,0,1,0,5,4,5,4
C07,C07-run02,2,lexical,segment,NFC,京都 です,U+4EAC U+90FD U+0020 U+3067 U+3059,5,13,4,0,0,0,0,1,0,5,4,5,4
C07,C07-run02,2,lexical,segment,NFKC,京都 です,U+4EAC U+90FD U+0020 U+3067 U+3059,5,13,4,0,0,0,0,1,0,5,4,5,4
C07,C07-run02,2,itn,segment,none,京都 です,U+4EAC U+90FD U+0020 U+3067 U+3059,5,13,4,0,0,0,0,1,0,5,4,5,4
C07,C07-run02,2,itn,segment,NFC,京都 です,U+4EAC U+90FD U+0020 U+3067 U+3059,5,13,4,0,0,0,0,1,0,5,4,5,4
C07,C07-run02,2,itn,segment,NFKC,京都 です,U+4EAC U+90FD U+0020 U+3067 U+3059,5,13,4,0,0,0,0,1,0,5,4,5,4
C07,C07-run02,2,masked_itn,segment,none,京都です,U+4EAC U+90FD U+3067 U+3059,4,12,4,0,0,0,0,0,0,4,4,4,4
C07,C07-run02,2,masked_itn,segment,NFC,京都です,U+4EAC U+90FD U+3067 U+3059,4,12,4,0,0,0,0,0,0,4,4,4,4
C07,C07-run02,2,masked_itn,segment,NFKC,京都です,U+4EAC U+90FD U+3067 U+3059,4,12,4,0,0,0,0,0,0,4,4,4,4
C07,C07-run02,,result_text,concat_without_separator,none,東京です。大坂です。京都です。,U+6771 U+4EAC U+3067 U+3059 U+3002 U+5927 U+5742 U+3067 U+3059 U+3002 U+4EAC U+90FD U+3067 U+3059 U+3002,15,45,12,0,0,3,0,0,0,15,15,12,12
C07,C07-run02,,result_text,concat_without_separator,NFC,東京です。大坂です。京都です。,U+6771 U+4EAC U+3067 U+3059 U+3002 U+5927 U+5742 U+3067 U+3059 U+3002 U+4EAC U+90FD U+3067 U+3059 U+3002,15,45,12,0,0,3,0,0,0,15,15,12,12
C07,C07-run02,,result_text,concat_without_separator,NFKC,東京です。大坂です。京都です。,U+6771 U+4EAC U+3067 U+3059 U+3002 U+5927 U+5742 U+3067 U+3059 U+3002 U+4EAC U+90FD U+3067 U+3059 U+3002,15,45,12,0,0,3,0,0,0,15,15,12,12
C07,C07-run02,,result_text,join_with_ascii_space,none,東京です。 大坂です。 京都です。,U+6771 U+4EAC U+3067 U+3059 U+3002 U+0020 U+5927 U+5742 U+3067 U+3059 U+3002 U+0020 U+4EAC U+90FD U+3067 U+3059 U+3002,17,47,12,0,0,3,0,2,0,17,15,14,12
C07,C07-run02,,result_text,join_with_ascii_space,NFC,東京です。 大坂です。 京都です。,U+6771 U+4EAC U+3067 U+3059 U+3002 U+0020 U+5927 U+5742 U+3067 U+3059 U+3002 U+0020 U+4EAC U+90FD U+3067 U+3059 U+3002,17,47,12,0,0,3,0,2,0,17,15,14,12
C07,C07-run02,,result_text,join_with_ascii_space,NFKC,東京です。 大坂です。 京都です。,U+6771 U+4EAC U+3067 U+3059 U+3002 U+0020 U+5927 U+5742 U+3067 U+3059 U+3002 U+0020 U+4EAC U+90FD U+3067 U+3059 U+3002,17,47,12,0,0,3,0,2,0,17,15,14,12
C07,C07-run02,,display_text,concat_without_separator,none,東京です。大坂です。京都です。,U+6771 U+4EAC U+3067 U+3059 U+3002 U+5927 U+5742 U+3067 U+3059 U+3002 U+4EAC U+90FD U+3067 U+3059 U+3002,15,45,12,0,0,3,0,0,0,15,15,12,12
C07,C07-run02,,display_text,concat_without_separator,NFC,東京です。大坂です。京都です。,U+6771 U+4EAC U+3067 U+3059 U+3002 U+5927 U+5742 U+3067 U+3059 U+3002 U+4EAC U+90FD U+3067 U+3059 U+3002,15,45,12,0,0,3,0,0,0,15,15,12,12
C07,C07-run02,,display_text,concat_without_separator,NFKC,東京です。大坂です。京都です。,U+6771 U+4EAC U+3067 U+3059 U+3002 U+5927 U+5742 U+3067 U+3059 U+3002 U+4EAC U+90FD U+3067 U+3059 U+3002,15,45,12,0,0,3,0,0,0,15,15,12,12
C07,C07-run02,,display_text,join_with_ascii_space,none,東京です。 大坂です。 京都です。,U+6771 U+4EAC U+3067 U+3059 U+3002 U+0020 U+5927 U+5742 U+3067 U+3059 U+3002 U+0020 U+4EAC U+90FD U+3067 U+3059 U+3002,17,47,12,0,0,3,0,2,0,17,15,14,12
C07,C07-run02,,display_text,join_with_ascii_space,NFC,東京です。 大坂です。 京都です。,U+6771 U+4EAC U+3067 U+3059 U+3002 U+0020 U+5927 U+5742 U+3067 U+3059 U+3002 U+0020 U+4EAC U+90FD U+3067 U+3059 U+3002,17,47,12,0,0,3,0,2,0,17,15,14,12
C07,C07-run02,,display_text,join_with_ascii_space,NFKC,東京です。 大坂です。 京都です。,U+6771 U+4EAC U+3067 U+3059 U+3002 U+0020 U+5927 U+5742 U+3067 U+3059 U+3002 U+0020 U+4EAC U+90FD U+3067 U+3059 U+3002,17,47,12,0,0,3,0,2,0,17,15,14,12
C07,C07-run02,,nbest_display,concat_without_separator,none,東京です。大坂です。京都です。,U+6771 U+4EAC U+3067 U+3059 U+3002 U+5927 U+5742 U+3067 U+3059 U+3002 U+4EAC U+90FD U+3067 U+3059 U+3002,15,45,12,0,0,3,0,0,0,15,15,12,12
C07,C07-run02,,nbest_display,concat_without_separator,NFC,東京です。大坂です。京都です。,U+6771 U+4EAC U+3067 U+3059 U+3002 U+5927 U+5742 U+3067 U+3059 U+3002 U+4EAC U+90FD U+3067 U+3059 U+3002,15,45,12,0,0,3,0,0,0,15,15,12,12
C07,C07-run02,,nbest_display,concat_without_separator,NFKC,東京です。大坂です。京都です。,U+6771 U+4EAC U+3067 U+3059 U+3002 U+5927 U+5742 U+3067 U+3059 U+3002 U+4EAC U+90FD U+3067 U+3059 U+3002,15,45,12,0,0,3,0,0,0,15,15,12,12
C07,C07-run02,,nbest_display,join_with_ascii_space,none,東京です。 大坂です。 京都です。,U+6771 U+4EAC U+3067 U+3059 U+3002 U+0020 U+5927 U+5742 U+3067 U+3059 U+3002 U+0020 U+4EAC U+90FD U+3067 U+3059 U+3002,17,47,12,0,0,3,0,2,0,17,15,14,12
C07,C07-run02,,nbest_display,join_with_ascii_space,NFC,東京です。 大坂です。 京都です。,U+6771 U+4EAC U+3067 U+3059 U+3002 U+0020 U+5927 U+5742 U+3067 U+3059 U+3002 U+0020 U+4EAC U+90FD U+3067 U+3059 U+3002,17,47,12,0,0,3,0,2,0,17,15,14,12
C07,C07-run02,,nbest_display,join_with_ascii_space,NFKC,東京です。 大坂です。 京都です。,U+6771 U+4EAC U+3067 U+3059 U+3002 U+0020 U+5927 U+5742 U+3067 U+3059 U+3002 U+0020 U+4EAC U+90FD U+3067 U+3059 U+3002,17,47,12,0,0,3,0,2,0,17,15,14,12
C07,C07-run02,,lexical,concat_without_separator,none,東京 です大 坂 です京都 です,U+6771 U+4EAC U+0020 U+3067 U+3059 U+5927 U+0020 U+5742 U+0020 U+3067 U+3059 U+4EAC U+90FD U+0020 U+3067 U+3059,16,40,12,0,0,0,0,4,0,16,12,16,12
C07,C07-run02,,lexical,concat_without_separator,NFC,東京 です大 坂 です京都 です,U+6771 U+4EAC U+0020 U+3067 U+3059 U+5927 U+0020 U+5742 U+0020 U+3067 U+3059 U+4EAC U+90FD U+0020 U+3067 U+3059,16,40,12,0,0,0,0,4,0,16,12,16,12
C07,C07-run02,,lexical,concat_without_separator,NFKC,東京 です大 坂 です京都 です,U+6771 U+4EAC U+0020 U+3067 U+3059 U+5927 U+0020 U+5742 U+0020 U+3067 U+3059 U+4EAC U+90FD U+0020 U+3067 U+3059,16,40,12,0,0,0,0,4,0,16,12,16,12
C07,C07-run02,,lexical,join_with_ascii_space,none,東京 です 大 坂 です 京都 です,U+6771 U+4EAC U+0020 U+3067 U+3059 U+0020 U+5927 U+0020 U+5742 U+0020 U+3067 U+3059 U+0020 U+4EAC U+90FD U+0020 U+3067 U+3059,18,42,12,0,0,0,0,6,0,18,12,18,12
C07,C07-run02,,lexical,join_with_ascii_space,NFC,東京 です 大 坂 です 京都 です,U+6771 U+4EAC U+0020 U+3067 U+3059 U+0020 U+5927 U+0020 U+5742 U+0020 U+3067 U+3059 U+0020 U+4EAC U+90FD U+0020 U+3067 U+3059,18,42,12,0,0,0,0,6,0,18,12,18,12
C07,C07-run02,,lexical,join_with_ascii_space,NFKC,東京 です 大 坂 です 京都 です,U+6771 U+4EAC U+0020 U+3067 U+3059 U+0020 U+5927 U+0020 U+5742 U+0020 U+3067 U+3059 U+0020 U+4EAC U+90FD U+0020 U+3067 U+3059,18,42,12,0,0,0,0,6,0,18,12,18,12
C07,C07-run02,,itn,concat_without_separator,none,東京 です大 坂 です京都 です,U+6771 U+4EAC U+0020 U+3067 U+3059 U+5927 U+0020 U+5742 U+0020 U+3067 U+3059 U+4EAC U+90FD U+0020 U+3067 U+3059,16,40,12,0,0,0,0,4,0,16,12,16,12
C07,C07-run02,,itn,concat_without_separator,NFC,東京 です大 坂 です京都 です,U+6771 U+4EAC U+0020 U+3067 U+3059 U+5927 U+0020 U+5742 U+0020 U+3067 U+3059 U+4EAC U+90FD U+0020 U+3067 U+3059,16,40,12,0,0,0,0,4,0,16,12,16,12
C07,C07-run02,,itn,concat_without_separator,NFKC,東京 です大 坂 です京都 です,U+6771 U+4EAC U+0020 U+3067 U+3059 U+5927 U+0020 U+5742 U+0020 U+3067 U+3059 U+4EAC U+90FD U+0020 U+3067 U+3059,16,40,12,0,0,0,0,4,0,16,12,16,12
C07,C07-run02,,itn,join_with_ascii_space,none,東京 です 大 坂 です 京都 です,U+6771 U+4EAC U+0020 U+3067 U+3059 U+0020 U+5927 U+0020 U+5742 U+0020 U+3067 U+3059 U+0020 U+4EAC U+90FD U+0020 U+3067 U+3059,18,42,12,0,0,0,0,6,0,18,12,18,12
C07,C07-run02,,itn,join_with_ascii_space,NFC,東京 です 大 坂 です 京都 です,U+6771 U+4EAC U+0020 U+3067 U+3059 U+0020 U+5927 U+0020 U+5742 U+0020 U+3067 U+3059 U+0020 U+4EAC U+90FD U+0020 U+3067 U+3059,18,42,12,0,0,0,0,6,0,18,12,18,12
C07,C07-run02,,itn,join_with_ascii_space,NFKC,東京 です 大 坂 です 京都 です,U+6771 U+4EAC U+0020 U+3067 U+3059 U+0020 U+5927 U+0020 U+5742 U+0020 U+3067 U+3059 U+0020 U+4EAC U+90FD U+0020 U+3067 U+3059,18,42,12,0,0,0,0,6,0,18,12,18,12
C07,C07-run02,,masked_itn,concat_without_separator,none,東京です大坂です京都です,U+6771 U+4EAC U+3067 U+3059 U+5927 U+5742 U+3067 U+3059 U+4EAC U+90FD U+3067 U+3059,12,36,12,0,0,0,0,0,0,12,12,12,12
C07,C07-run02,,masked_itn,concat_without_separator,NFC,東京です大坂です京都です,U+6771 U+4EAC U+3067 U+3059 U+5927 U+5742 U+3067 U+3059 U+4EAC U+90FD U+3067 U+3059,12,36,12,0,0,0,0,0,0,12,12,12,12
C07,C07-run02,,masked_itn,concat_without_separator,NFKC,東京です大坂です京都です,U+6771 U+4EAC U+3067 U+3059 U+5927 U+5742 U+3067 U+3059 U+4EAC U+90FD U+3067 U+3059,12,36,12,0,0,0,0,0,0,12,12,12,12
C07,C07-run02,,masked_itn,join_with_ascii_space,none,東京です 大坂です 京都です,U+6771 U+4EAC U+3067 U+3059 U+0020 U+5927 U+5742 U+3067 U+3059 U+0020 U+4EAC U+90FD U+3067 U+3059,14,38,12,0,0,0,0,2,0,14,12,14,12
C07,C07-run02,,masked_itn,join_with_ascii_space,NFC,東京です 大坂です 京都です,U+6771 U+4EAC U+3067 U+3059 U+0020 U+5927 U+5742 U+3067 U+3059 U+0020 U+4EAC U+90FD U+3067 U+3059,14,38,12,0,0,0,0,2,0,14,12,14,12
C07,C07-run02,,masked_itn,join_with_ascii_space,NFKC,東京です 大坂です 京都です,U+6771 U+4EAC U+3067 U+3059 U+0020 U+5927 U+5742 U+3067 U+3059 U+0020 U+4EAC U+90FD U+3067 U+3059,14,38,12,0,0,0,0,2,0,14,12,14,12
